udi,product_id,product_type,air_temperature,process_temperature,rotational_speed,torque,tool_wear,machine_failure,twf,hdf,pwf,osf,rnf,timestamp,event_seq,kafka_timestamp,temp_diff,power_watts,overstrain_val,pred_threshold,score_threshold,reason_threshold,pred_zscore,score_zscore,max_abs_z,pred_iforest,score_iforest,iforest_threshold,pred_ensemble,pred_any,processed_timestamp,latency_ms
4872,L52051,L,303.7,312.4,1513,40.1,135,0,0,0,0,0,0,2026-09-29T14:22:24.143393+00:00,1,2026-09-29 14:22:24.293,8.699999999999989,6353.483678791414,5413.5,0,0.0,Normal operation,0,1.0814,1.8752,0,-0.0889,-0.0,0,0,2026-09-29T14:28:26.613501+00:00,362470.108
3859,L51038,L,302.5,311.4,1559,37.6,209,0,0,0,0,0,0,2026-09-29T14:22:24.153393+00:00,2,2026-09-29 14:22:24.294,8.899999999999977,6138.504493506264,7858.400000000001,1,0.8,TWF_ToolWear(209min>=200min),0,0.9661,1.6306,0,-0.0883,-0.0,0,1,2026-09-29T14:28:26.613501+00:00,362460.108
6464,H35877,H,300.5,310.0,1358,60.4,102,0,0,0,0,0,0,2026-09-29T14:22:24.173393+00:00,4,2026-09-29 14:22:24.294,9.5,8589.449418130876,6160.8,0,0.0,Normal operation,0,1.2873,2.3068,0,-0.0534,-0.0,0,0,2026-09-29T14:28:26.613501+00:00,362440.108
4509,L51688,L,302.4,310.0,1426,46.6,102,0,0,0,0,0,0,2026-09-29T14:22:24.193393+00:00,6,2026-09-29 14:22:24.294,7.600000000000023,6958.795279309584,4753.2,0,0.0,Normal operation,0,1.1336,2.4521,0,-0.059,-0.0,0,0,2026-09-29T14:28:26.613501+00:00,362420.108
7886,L55065,L,300.7,312.3,1590,36.3,93,0,0,0,0,0,0,2026-09-29T14:22:24.213393+00:00,8,2026-09-29 14:22:24.294,11.600000000000023,6044.110106241402,3375.8999999999996,0,0.0,Normal operation,0,0.8786,1.5985,0,-0.1086,-0.0,0,0,2026-09-29T14:28:26.613501+00:00,362400.108
6205,M21064,M,300.9,310.8,1519,34.9,73,0,0,0,0,0,0,2026-09-29T14:22:24.253393+00:00,12,2026-09-29 14:22:24.295,9.900000000000034,5551.518850134035,2547.7,0,0.0,Normal operation,0,0.4701,0.6852,0,-0.1507,-0.0,0,0,2026-09-29T14:28:26.613501+00:00,362360.108
4852,L52031,L,303.7,312.1,1363,51.8,90,1,0,1,0,0,0,2026-09-29T14:22:24.303393+00:00,17,2026-09-29 14:22:24.295,8.400000000000034,7393.570758615386,4662.0,1,0.85,"HDF_Rule(temp_diff=8.4K<8.6K,speed=1363<1380)",0,1.3262,1.8752,0,-0.0297,-0.0,0,1,2026-09-29T14:28:26.613501+00:00,362310.108
1392,L48571,L,298.9,310.2,2737,8.8,142,1,0,0,1,0,0,2026-09-29T14:22:24.343393+00:00,21,2026-09-29 14:22:24.296,11.300000000000011,2522.2381339100775,1249.6000000000001,1,0.9,PWF_LowPower(2522W<3500W); LowTorque(8.8Nm<12.0); HighSpeed(2737rpm>2700.0),1,3.3039,7.081,1,0.0692,-0.0,1,1,2026-09-29T14:28:26.613501+00:00,362270.108
9602,L56781,L,298.9,310.1,2109,18.0,61,0,0,0,0,0,0,2026-09-29T14:22:24.373393+00:00,24,2026-09-29 14:22:24.296,11.200000000000045,3975.371343852524,1098.0,0,0.0,Normal operation,1,1.8416,3.3638,1,0.0174,-0.0,1,1,2026-09-29T14:28:26.613501+00:00,362240.108
6045,M20904,M,300.8,310.9,1522,41.7,115,0,0,0,0,0,0,2026-09-29T14:22:24.383393+00:00,25,2026-09-29 14:22:24.296,10.099999999999966,6646.290586081494,4795.5,0,0.0,Normal operation,0,0.3347,0.6108,0,-0.1449,-0.0,0,0,2026-09-29T14:28:26.613501+00:00,362230.10799999995
3439,L50618,L,301.4,310.4,1471,37.5,193,0,0,0,0,0,0,2026-09-29T14:22:24.463393+00:00,33,2026-09-29 14:22:24.297,9.0,5776.603491788232,7237.5,0,0.0,Normal operation,0,0.7549,1.376,0,-0.1212,-0.0,0,0,2026-09-29T14:28:26.613501+00:00,362150.108
8827,M23686,M,297.2,308.8,1485,47.9,143,0,0,0,0,0,0,2026-09-29T14:22:24.473393+00:00,34,2026-09-29 14:22:24.297,11.600000000000023,7448.8732612940785,6849.7,0,0.0,Normal operation,0,1.0523,1.5985,0,-0.0958,-0.0,0,0,2026-09-29T14:28:26.613501+00:00,362140.108
3105,M17964,M,299.8,309.2,1678,29.8,202,0,0,0,0,0,0,2026-09-29T14:22:24.483393+00:00,35,2026-09-29 14:22:24.297,9.399999999999977,5236.448522905515,6019.6,1,0.8,TWF_ToolWear(202min>=200min),0,0.9041,1.5192,0,-0.0943,-0.0,0,1,2026-09-29T14:28:26.613501+00:00,362130.108
8379,M23238,M,298.8,309.9,1331,61.6,46,0,0,0,0,0,0,2026-09-29T14:22:24.543393+00:00,41,2026-09-29 14:22:24.298,11.099999999999966,8585.930834358856,2833.6,0,0.0,Normal operation,0,1.4462,2.3069,0,-0.0342,-0.0,0,0,2026-09-29T14:28:26.613501+00:00,362070.108
9277,L56456,L,298.1,308.7,1691,30.3,49,0,0,0,0,0,0,2026-09-29T14:22:24.573393+00:00,44,2026-09-29 14:22:24.298,10.599999999999966,5365.557508992543,1484.7,0,0.0,Normal operation,0,0.8736,0.9822,0,-0.1083,-0.0,0,0,2026-09-29T14:28:26.613501+00:00,362040.10799999995
1684,M16543,M,297.9,307.4,1403,52.8,0,0,0,0,0,0,0,2026-09-29T14:22:24.623393+00:00,49,2026-09-29 14:22:24.298,9.5,7757.471907656203,0.0,0,0.0,Normal operation,0,1.3142,1.7507,0,-0.0204,-0.0,0,0,2026-09-29T14:28:26.613501+00:00,361990.108
7968,M22827,M,301.0,312.2,1629,32.6,69,0,0,0,0,0,0,2026-09-29T14:22:24.673393+00:00,54,2026-09-29 14:22:24.299,11.199999999999989,5561.18448353158,2249.4,0,0.0,Normal operation,0,0.8895,1.4879,0,-0.0866,-0.0,0,0,2026-09-29T14:28:26.613501+00:00,361940.108
6591,L53770,L,301.7,310.7,1763,25.9,3,0,0,0,0,0,0,2026-09-29T14:22:24.723393+00:00,59,2026-09-29 14:22:24.299,9.0,4781.682042347368,77.69999999999999,0,0.0,Normal operation,0,1.2343,1.6466,0,-0.047,-0.0,0,0,2026-09-29T14:28:26.613501+00:00,361890.108
1428,L48607,L,298.7,309.8,1394,40.3,11,0,0,0,0,0,0,2026-09-29T14:22:24.733393+00:00,60,2026-09-29 14:22:24.299,11.100000000000023,5882.96734706327,443.29999999999995,0,0.0,Normal operation,0,0.8295,1.5193,0,-0.1106,-0.0,0,0,2026-09-29T14:28:26.613501+00:00,361880.108
9665,L56844,L,299.1,310.2,1317,54.8,231,1,0,0,0,1,0,2026-09-29T14:22:24.773393+00:00,64,2026-09-29 14:22:24.300,11.099999999999966,7557.792278594035,12658.8,1,0.9,TWF_ToolWear(231min>=200min); OSF_Overstrain(12659>11000),0,1.2696,1.9805,0,-0.0173,-0.0,0,1,2026-09-29T14:28:26.613501+00:00,361840.108
4633,M19492,M,302.9,311.2,1330,53.7,200,1,0,1,0,0,0,2026-09-29T14:22:24.783393+00:00,65,2026-09-29 14:22:24.300,8.300000000000011,7479.18963040122,10740.0,1,0.85,"HDF_Rule(temp_diff=8.3K<8.6K,speed=1330<1380); TWF_ToolWear(200min>=200min)",0,1.3779,1.7432,1,0.0063,-0.0,1,1,2026-09-29T14:28:26.613501+00:00,361830.108
1291,L48470,L,298.6,309.7,1429,45.8,113,0,0,0,0,0,0,2026-09-29T14:22:24.833393+00:00,70,2026-09-29 14:22:24.303,11.099999999999966,6853.719477022516,5175.4,0,0.0,Normal operation,0,0.6473,1.0922,0,-0.1548,-0.0,0,0,2026-09-29T14:28:26.613501+00:00,361780.108
1020,L48199,L,296.3,307.3,1398,52.7,31,0,0,0,0,0,0,2026-09-29T14:22:24.863393+00:00,73,2026-09-29 14:22:24.304,11.0,7715.186070538886,1633.7,0,0.0,Normal operation,0,1.4057,1.8484,0,-0.0033,-0.0,0,0,2026-09-29T14:28:26.613501+00:00,361750.108
4618,M19477,M,303.1,311.4,1831,23.3,161,0,0,0,0,0,0,2026-09-29T14:22:24.923393+00:00,79,2026-09-29 14:22:24.304,8.299999999999955,4467.585608841461,3751.3,0,0.0,Normal operation,0,1.5185,1.7528,0,-0.0147,-0.0,0,0,2026-09-29T14:28:26.613501+00:00,361690.108
9925,M24784,M,298.5,308.6,1384,54.4,44,0,0,0,0,0,0,2026-09-29T14:22:24.973393+00:00,84,2026-09-29 14:22:24.305,10.100000000000023,7884.308475057135,2393.6,0,0.0,Normal operation,0,1.0885,1.6123,0,-0.0985,-0.0,0,0,2026-09-29T14:28:26.613501+00:00,361640.108
222,H29635,H,298.4,308.5,1827,24.3,153,0,0,0,0,0,0,2026-09-29T14:22:25.063393+00:00,93,2026-09-29 14:22:24.306,10.100000000000023,4649.148720267926,3717.9,0,0.0,Normal operation,0,1.204,1.6946,0,-0.0706,-0.0,0,0,2026-09-29T14:28:26.613501+00:00,361550.108
4112,M18971,M,302.0,310.6,1563,41.0,184,0,0,0,0,0,0,2026-09-29T14:22:25.083393+00:00,95,2026-09-29 14:22:24.306,8.600000000000023,6710.756067333156,7544.0,0,0.0,Normal operation,0,0.8489,1.4394,0,-0.1023,-0.0,0,0,2026-09-29T14:28:26.613501+00:00,361530.108
3641,H33054,H,302.4,311.6,1544,39.1,70,0,0,0,0,0,0,2026-09-29T14:22:25.153393+00:00,102,2026-09-29 14:22:24.306,9.200000000000045,6321.973504475908,2737.0,0,0.0,Normal operation,0,0.7273,1.2211,0,-0.1299,-0.0,0,0,2026-09-29T14:28:26.613501+00:00,361460.108
9838,M24697,M,298.4,309.3,1355,50.6,8,0,0,0,0,0,0,2026-09-29T14:22:25.163393+00:00,103,2026-09-29 14:22:24.306,10.900000000000034,7179.900570269233,404.8,0,0.0,Normal operation,0,1.033,1.567,0,-0.0871,-0.0,0,0,2026-09-29T14:28:26.613501+00:00,361450.108
2791,L49970,L,300.4,309.6,1356,45.9,64,0,0,0,0,0,0,2026-09-29T14:22:25.203393+00:00,107,2026-09-29 14:22:24.307,9.200000000000045,6517.799446549672,2937.6,0,0.0,Normal operation,0,0.6507,1.0933,0,-0.1276,-0.0,0,0,2026-09-29T14:28:26.613501+00:00,361410.108
3133,L50312,L,300.1,309.5,1557,40.6,59,0,0,0,0,0,0,2026-09-29T14:22:25.213393+00:00,108,2026-09-29 14:22:24.307,9.399999999999977,6619.775544085197,2395.4,0,0.0,Normal operation,0,0.4203,0.7557,0,-0.144,-0.0,0,0,2026-09-29T14:28:26.613501+00:00,361400.108
3081,M17940,M,299.9,309.2,1539,43.2,132,0,0,0,0,0,0,2026-09-29T14:22:25.253393+00:00,112,2026-09-29 14:22:24.307,9.300000000000011,6962.271975179556,5702.400000000001,0,0.0,Normal operation,0,0.4814,0.7306,0,-0.1406,-0.0,0,0,2026-09-29T14:28:26.613501+00:00,361360.108
8024,H37437,H,300.9,312.0,1397,42.7,212,0,0,0,0,0,0,2026-09-29T14:22:25.273393+00:00,114,2026-09-29 14:22:24.307,11.100000000000023,6246.732360422433,9052.400000000001,1,0.8,TWF_ToolWear(212min>=200min),0,0.9917,1.6783,0,-0.064,-0.0,0,1,2026-09-29T14:28:26.613501+00:00,361340.108
562,M15421,M,297.5,309.4,1678,34.4,148,0,0,0,0,0,0,2026-09-29T14:22:25.333393+00:00,120,2026-09-29 14:22:24.308,11.899999999999977,6044.759368723145,5091.2,0,0.0,Normal operation,0,0.9833,1.9023,0,-0.0814,-0.0,0,0,2026-09-29T14:28:26.613501+00:00,361280.108
4567,L51746,L,302.8,310.8,1402,50.5,30,0,0,0,0,0,0,2026-09-29T14:22:25.353393+00:00,122,2026-09-29 14:22:24.308,8.0,7414.263382227031,1515.0,0,0.0,Normal operation,0,1.2697,2.047,0,-0.0371,-0.0,0,0,2026-09-29T14:28:26.613501+00:00,361260.108
9745,L56924,L,298.8,310.1,1574,36.2,181,0,0,0,0,0,0,2026-09-29T14:22:25.383393+00:00,125,2026-09-29 14:22:24.308,11.300000000000011,5966.80598301207,6552.200000000001,0,0.0,Normal operation,0,0.7251,1.2947,0,-0.1231,-0.0,0,0,2026-09-29T14:28:26.613501+00:00,361230.10799999995
7875,L55054,L,300.7,312.3,1548,37.9,58,0,0,0,0,0,0,2026-09-29T14:22:25.393393+00:00,126,2026-09-29 14:22:24.308,11.600000000000023,6143.824257066342,2198.2,0,0.0,Normal operation,0,0.9063,1.5985,0,-0.0975,-0.0,0,0,2026-09-29T14:28:26.613501+00:00,361220.108
6708,L53887,L,301.3,310.6,1556,39.0,72,0,0,0,0,0,0,2026-09-29T14:22:25.413393+00:00,128,2026-09-29 14:22:24.309,9.300000000000011,6354.813619681433,2808.0,0,0.0,Normal operation,0,0.4585,0.7306,0,-0.1485,-0.0,0,0,2026-09-29T14:28:26.613501+00:00,361200.108
1917,L49096,L,298.0,307.7,1387,50.8,204,0,0,0,0,0,0,2026-09-29T14:22:25.443393+00:00,131,2026-09-29 14:22:24.309,9.699999999999989,7378.512057829178,10363.199999999999,1,0.8,TWF_ToolWear(204min>=200min),0,1.1549,1.551,0,-0.0502,-0.0,0,1,2026-09-29T14:28:26.613501+00:00,361170.108
8359,L55538,L,298.7,309.7,1547,37.4,0,0,0,0,0,0,0,2026-09-29T14:22:25.473393+00:00,134,2026-09-29 14:22:24.311,11.0,6058.85464776225,0.0,0,0.0,Normal operation,0,0.7923,1.6943,0,-0.095,-0.0,0,0,2026-09-29T14:28:26.613501+00:00,361140.108
3418,L50597,L,301.6,310.6,1621,33.7,137,0,0,0,0,0,0,2026-09-29T14:22:25.513393+00:00,138,2026-09-29 14:22:24.312,9.0,5720.599366750238,4616.900000000001,0,0.0,Normal operation,0,0.6576,1.0344,0,-0.1358,-0.0,0,0,2026-09-29T14:28:26.613501+00:00,361100.10799999995
7685,M22544,M,300.7,311.8,1407,42.4,224,0,0,0,0,0,0,2026-09-29T14:22:25.583393+00:00,145,2026-09-29 14:22:24.312,11.100000000000023,6247.245487222518,9497.6,1,0.8,TWF_ToolWear(224min>=200min),0,1.001,1.8692,0,-0.0623,-0.0,0,1,2026-09-29T14:28:26.613501+00:00,361030.108
4340,L51519,L,301.7,309.9,1524,46.6,104,0,0,0,0,0,0,2026-09-29T14:22:25.593393+00:00,146,2026-09-29 14:22:24.312,8.199999999999989,7437.029456990046,4846.400000000001,0,0.0,Normal operation,0,0.9319,1.8445,0,-0.0626,-0.0,0,0,2026-09-29T14:28:26.613501+00:00,361020.108
7606,H37019,H,300.4,311.3,2026,20.3,26,0,0,0,0,0,0,2026-09-29T14:22:25.603393+00:00,147,2026-09-29 14:22:24.312,10.900000000000034,4306.893144610343,527.8000000000001,0,0.0,Normal operation,0,1.66,2.8725,1,0.0054,-0.0,0,1,2026-09-29T14:28:26.613501+00:00,361010.108
2325,L49504,L,299.3,308.8,1636,29.9,201,0,0,0,0,0,0,2026-09-29T14:22:25.613393+00:00,148,2026-09-29 14:22:24.312,9.5,5122.513429335324,6009.9,1,0.8,TWF_ToolWear(201min>=200min),0,0.9179,1.5033,0,-0.0992,-0.0,0,1,2026-09-29T14:28:26.613501+00:00,361000.108
8465,H37878,H,298.6,309.7,1672,27.5,54,0,0,0,0,0,0,2026-09-29T14:22:25.633393+00:00,150,2026-09-29 14:22:24.313,11.099999999999966,4815.014340401956,1485.0,0,0.0,Normal operation,0,0.9733,1.4106,0,-0.1009,-0.0,0,0,2026-09-29T14:28:26.613501+00:00,360980.10799999995
2701,L49880,L,299.9,309.3,1473,40.4,59,0,0,0,0,0,0,2026-09-29T14:22:25.653393+00:00,152,2026-09-29 14:22:24.313,9.400000000000034,6231.788851366857,2383.6,0,0.0,Normal operation,0,0.44,0.7557,0,-0.1464,-0.0,0,0,2026-09-29T14:28:26.613501+00:00,360960.108
2708,M17567,M,299.6,309.0,1539,36.1,76,0,0,0,0,0,0,2026-09-29T14:22:25.703393+00:00,157,2026-09-29 14:22:24.313,9.399999999999977,5818.009682962545,2743.6,0,0.0,Normal operation,0,0.4528,0.6712,0,-0.1446,-0.0,0,0,2026-09-29T14:28:26.613501+00:00,360910.108
1714,L48893,L,298.2,307.8,1515,46.7,74,0,0,0,0,0,0,2026-09-29T14:22:25.763393+00:00,163,2026-09-29 14:22:24.314,9.600000000000023,7408.975034593488,3455.8,0,0.0,Normal operation,0,0.8718,1.4808,0,-0.1206,-0.0,0,0,2026-09-29T14:28:26.613501+00:00,360850.10799999995
3911,L51090,L,302.4,311.4,1831,26.9,121,0,0,0,0,0,0,2026-09-29T14:22:25.773393+00:00,164,2026-09-29 14:22:24.314,9.0,5157.85634668821,3254.8999999999996,0,0.0,Normal operation,0,1.1595,1.7182,0,-0.0796,-0.0,0,0,2026-09-29T14:28:26.613501+00:00,360840.108
4888,L52067,L,303.7,312.5,1481,33.3,182,0,0,0,0,0,0,2026-09-29T14:22:25.823393+00:00,169,2026-09-29 14:22:24.314,8.800000000000011,5164.495579162796,6060.599999999999,0,0.0,Normal operation,0,1.2566,1.8752,0,-0.0588,-0.0,0,0,2026-09-29T14:28:26.613501+00:00,360790.10799999995
9373,L56552,L,297.7,308.4,1487,41.4,84,0,0,0,0,0,0,2026-09-29T14:22:25.853393+00:00,172,2026-09-29 14:22:24.314,10.699999999999989,6446.73662072547,3477.6,0,0.0,Normal operation,0,0.6804,1.1439,0,-0.1522,-0.0,0,0,2026-09-29T14:28:26.613501+00:00,360760.108
6803,M21662,M,301.1,310.7,1621,31.0,108,0,0,0,0,0,0,2026-09-29T14:22:25.873393+00:00,174,2026-09-29 14:22:24.314,9.599999999999966,5262.272414518023,3348.0,0,0.0,Normal operation,0,0.6237,0.9701,0,-0.1444,-0.0,0,0,2026-09-29T14:28:26.613501+00:00,360740.108
7562,L54741,L,300.3,311.1,1388,49.4,128,0,0,0,0,0,0,2026-09-29T14:22:25.953393+00:00,182,2026-09-29 14:22:24.315,10.800000000000011,7180.340393240735,6323.2,0,0.0,Normal operation,0,0.7591,1.0249,0,-0.1278,-0.0,0,0,2026-09-29T14:28:26.613501+00:00,360660.108
3764,L50943,L,302.3,311.0,1428,47.9,174,0,0,0,0,0,0,2026-09-29T14:22:25.983393+00:00,185,2026-09-29 14:22:24.315,8.699999999999989,7162.956913890871,8334.6,0,0.0,Normal operation,0,0.9845,1.3382,0,-0.0915,-0.0,0,0,2026-09-29T14:28:26.613501+00:00,360630.108
4700,L51879,L,303.5,311.6,1428,46.2,139,0,0,0,0,0,0,2026-09-29T14:22:26.003393+00:00,187,2026-09-29 14:22:24.315,8.100000000000023,6908.739236362386,6421.8,0,0.0,Normal operation,0,1.1783,1.9457,0,-0.0637,-0.0,0,0,2026-09-29T14:28:26.613501+00:00,360610.108
8483,L55662,L,298.4,309.5,1520,38.1,106,0,0,0,0,0,0,2026-09-29T14:22:26.033393+00:00,190,2026-09-29 14:22:24.315,11.100000000000023,6064.530458489737,4038.6000000000004,0,0.0,Normal operation,0,0.5352,1.0922,0,-0.1594,-0.0,0,0,2026-09-29T14:28:26.613501+00:00,360580.108
5423,M20282,M,302.7,312.4,1422,44.5,49,0,0,0,0,0,0,2026-09-29T14:22:26.043393+00:00,191,2026-09-29 14:22:24.316,9.699999999999989,6626.5613842169505,2180.5,0,0.0,Normal operation,0,0.9526,1.6228,0,-0.096,-0.0,0,0,2026-09-29T14:28:26.613501+00:00,360570.108
7298,L54477,L,300.1,310.5,1500,39.8,107,0,0,0,0,0,0,2026-09-29T14:22:26.083393+00:00,195,2026-09-29 14:22:24.316,10.399999999999977,6251.769380643687,4258.599999999999,0,0.0,Normal operation,0,0.2157,0.3833,0,-0.149,-0.0,0,0,2026-09-29T14:28:26.613501+00:00,360530.108
4127,M18986,M,302.0,310.6,1623,34.3,9,0,0,0,0,0,0,2026-09-29T14:22:26.123393+00:00,199,2026-09-29 14:22:24.316,8.600000000000023,5829.6335757808265,308.7,0,0.0,Normal operation,0,0.9567,1.5511,0,-0.0842,-0.0,0,0,2026-09-29T14:28:26.613501+00:00,360490.108
8678,M23537,M,297.3,308.5,1664,28.9,174,0,0,0,0,0,0,2026-09-29T14:22:26.193393+00:00,206,2026-09-29 14:22:24.317,11.199999999999989,5035.93113580239,5028.599999999999,0,0.0,Normal operation,0,1.1107,1.3452,0,-0.0914,-0.0,0,0,2026-09-29T14:28:26.613501+00:00,360420.108
5425,L52604,L,302.6,312.2,1377,45.5,54,0,0,0,0,0,0,2026-09-29T14:22:26.293393+00:00,216,2026-09-29 14:22:24.318,9.599999999999966,6561.059177389603,2457.0,0,0.0,Normal operation,0,0.9452,1.4879,0,-0.0963,-0.0,0,0,2026-09-29T14:28:26.613501+00:00,360320.108
5564,M20423,M,302.3,311.7,1640,31.5,199,0,0,0,0,0,0,2026-09-29T14:22:26.303393+00:00,217,2026-09-29 14:22:24.318,9.399999999999977,5409.822549481623,6268.5,0,0.0,Normal operation,0,1.001,1.4715,0,-0.0875,-0.0,0,0,2026-09-29T14:28:26.613501+00:00,360310.108
3821,L51000,L,302.3,310.8,1421,41.4,102,0,0,0,0,0,0,2026-09-29T14:22:26.313393+00:00,218,2026-09-29 14:22:24.318,8.5,6160.600361836512,4222.8,0,0.0,Normal operation,0,0.8096,1.5407,0,-0.1137,-0.0,0,0,2026-09-29T14:28:26.613501+00:00,360300.108
4462,L51641,L,302.7,310.5,1642,30.8,195,0,0,0,0,0,0,2026-09-29T14:22:26.413393+00:00,228,2026-09-29 14:22:24.319,7.800000000000011,5296.055007519625,6006.0,0,0.0,Normal operation,0,1.2617,2.2495,0,-0.0428,-0.0,0,0,2026-09-29T14:28:26.613501+00:00,360200.108
6248,L53427,L,300.8,310.2,1492,46.3,187,0,0,0,0,0,0,2026-09-29T14:22:26.443393+00:00,231,2026-09-29 14:22:24.319,9.399999999999977,7233.998795764048,8658.1,0,0.0,Normal operation,0,0.7314,1.2806,0,-0.1183,-0.0,0,0,2026-09-29T14:28:26.613501+00:00,360170.108
5542,L52721,L,302.4,311.8,1433,42.2,134,0,0,0,0,0,0,2026-09-29T14:22:26.463393+00:00,233,2026-09-29 14:22:24.319,9.400000000000034,6332.675863449138,5654.8,0,0.0,Normal operation,0,0.7604,1.2211,0,-0.1387,-0.0,0,0,2026-09-29T14:28:26.613501+00:00,360150.108
8406,M23265,M,298.4,309.5,1484,41.7,119,0,0,0,0,0,0,2026-09-29T14:22:26.473393+00:00,234,2026-09-29 14:22:24.319,11.100000000000023,6480.351662118882,4962.3,0,0.0,Normal operation,0,0.5584,1.0922,0,-0.1556,-0.0,0,0,2026-09-29T14:28:26.613501+00:00,360140.108
2340,L49519,L,299.2,308.2,1466,41.3,8,0,0,0,0,0,0,2026-09-29T14:22:26.493393+00:00,236,2026-09-29 14:22:24.319,9.0,6340.341349523896,330.4,0,0.0,Normal operation,0,0.8765,1.567,0,-0.0848,-0.0,0,0,2026-09-29T14:28:26.613501+00:00,360120.108
8245,L55424,L,299.0,310.4,1512,38.8,109,0,0,0,0,0,0,2026-09-29T14:22:26.553393+00:00,242,2026-09-29 14:22:24.321,11.399999999999977,6143.447265947912,4229.2,0,0.0,Normal operation,0,0.5747,1.396,0,-0.1444,-0.0,0,0,2026-09-29T14:28:26.613501+00:00,360060.108
8761,M23620,M,297.4,308.7,1392,46.4,174,0,0,0,0,0,0,2026-09-29T14:22:26.603393+00:00,247,2026-09-29 14:22:24.323,11.300000000000011,6763.7233194726805,8073.599999999999,0,0.0,Normal operation,0,0.9861,1.2949,0,-0.1142,-0.0,0,0,2026-09-29T14:28:26.613501+00:00,360010.108
1710,L48889,L,298.2,307.8,1749,26.1,66,0,0,0,0,0,0,2026-09-29T14:22:26.703393+00:00,257,2026-09-29 14:22:24.324,9.600000000000023,4780.341629481837,1722.6000000000001,0,0.0,Normal operation,0,1.1477,1.4808,0,-0.0747,-0.0,0,0,2026-09-29T14:28:26.613501+00:00,359910.108
4051,L51230,L,301.8,310.8,1456,46.6,35,0,0,0,0,0,0,2026-09-29T14:22:26.713393+00:00,258,2026-09-29 14:22:24.324,9.0,7105.193496966868,1631.0,0,0.0,Normal operation,0,0.8454,1.1375,0,-0.1154,-0.0,0,0,2026-09-29T14:28:26.613501+00:00,359900.108
1068,L48247,L,296.9,307.8,1466,45.7,153,0,0,0,0,0,0,2026-09-29T14:22:26.733393+00:00,260,2026-09-29 14:22:24.324,10.900000000000034,7015.825657947749,6992.1,0,0.0,Normal operation,0,1.0068,1.5465,0,-0.1115,-0.0,0,0,2026-09-29T14:28:26.613501+00:00,359880.108
4316,M19175,M,301.4,310.0,1651,29.8,44,0,0,0,0,0,0,2026-09-29T14:22:26.753393+00:00,262,2026-09-29 14:22:24.324,8.600000000000023,5152.191007936237,1311.2,0,0.0,Normal operation,0,0.9439,1.4394,0,-0.0739,-0.0,0,0,2026-09-29T14:28:26.613501+00:00,359860.108
4878,M19737,M,303.7,312.4,1546,33.7,149,0,0,0,0,0,0,2026-09-29T14:22:26.813393+00:00,268,2026-09-29 14:22:24.325,8.699999999999989,5455.920185685298,5021.3,0,0.0,Normal operation,0,1.1586,1.8752,0,-0.0742,-0.0,0,0,2026-09-29T14:28:26.613501+00:00,359800.108
1539,L48718,L,298.4,309.1,1798,29.6,81,0,0,0,0,0,0,2026-09-29T14:22:26.833393+00:00,270,2026-09-29 14:22:24.325,10.700000000000045,5573.269143272389,2397.6,0,0.0,Normal operation,0,0.8866,1.5229,0,-0.1044,-0.0,0,0,2026-09-29T14:28:26.613501+00:00,359780.108
3425,L50604,L,301.5,310.5,1593,32.9,155,0,0,0,0,0,0,2026-09-29T14:22:26.863393+00:00,273,2026-09-29 14:22:24.325,9.0,5488.330949894832,5099.5,0,0.0,Normal operation,0,0.71,1.0344,0,-0.131,-0.0,0,0,2026-09-29T14:28:26.613501+00:00,359750.108
5483,L52662,L,302.6,312.1,1782,26.8,198,0,0,0,0,0,0,2026-09-29T14:22:26.903393+00:00,277,2026-09-29 14:22:24.325,9.5,5001.164177102663,5306.400000000001,0,0.0,Normal operation,0,1.2834,1.4556,0,-0.0296,-0.0,0,0,2026-09-29T14:28:26.613501+00:00,359710.108
2405,M17264,M,299.1,308.7,2008,20.3,178,0,0,0,0,0,0,2026-09-29T14:22:26.923393+00:00,279,2026-09-29 14:22:24.326,9.599999999999966,4268.62854608962,3613.4,0,0.0,Normal operation,0,1.6041,2.7659,0,-0.0048,-0.0,0,0,2026-09-29T14:28:26.613501+00:00,359690.108
680,L47859,L,297.8,309.2,1372,47.3,15,0,0,0,0,0,0,2026-09-29T14:22:26.943393+00:00,281,2026-09-29 14:22:24.326,11.399999999999977,6795.851340343392,709.5,0,0.0,Normal operation,0,1.0342,1.4557,0,-0.0969,-0.0,0,0,2026-09-29T14:28:26.613501+00:00,359670.108
2162,L49341,L,299.4,309.1,1464,40.5,215,0,0,0,0,0,0,2026-09-29T14:22:26.973393+00:00,284,2026-09-29 14:22:24.326,9.700000000000045,6209.043720554867,8707.5,1,0.8,TWF_ToolWear(215min>=200min),0,0.7318,1.726,0,-0.1104,-0.0,0,1,2026-09-29T14:28:26.613501+00:00,359640.108
1128,M15987,M,296.7,307.8,1672,32.4,113,0,0,0,0,0,0,2026-09-29T14:22:26.993393+00:00,286,2026-09-29 14:22:24.326,11.100000000000023,5672.962350146304,3661.2,0,0.0,Normal operation,0,1.0429,1.6471,0,-0.0901,-0.0,0,0,2026-09-29T14:28:26.613501+00:00,359620.108
6602,M21461,M,301.5,310.7,1347,47.9,29,0,0,0,0,0,0,2026-09-29T14:22:27.013393+00:00,288,2026-09-29 14:22:24.326,9.199999999999989,6756.654736002103,1389.1,0,0.0,Normal operation,0,0.874,1.2329,0,-0.1121,-0.0,0,0,2026-09-29T14:28:26.613501+00:00,359600.10799999995
780,L47959,L,296.8,308.0,1666,29.8,41,0,0,0,0,0,0,2026-09-29T14:22:27.033393+00:00,290,2026-09-29 14:22:24.326,11.199999999999989,5199.000738474725,1221.8,0,0.0,Normal operation,0,1.1685,1.5968,0,-0.0625,-0.0,0,0,2026-09-29T14:28:26.613501+00:00,359580.108
2219,L49398,L,299.7,309.1,1713,33.5,141,0,0,0,0,0,0,2026-09-29T14:22:27.053393+00:00,292,2026-09-29 14:22:24.326,9.400000000000034,6009.395507419235,4723.5,0,0.0,Normal operation,0,0.6086,1.0198,0,-0.1104,-0.0,0,0,2026-09-29T14:28:26.613501+00:00,359560.108
1906,L49085,L,297.9,307.6,1687,29.1,176,0,0,0,0,0,0,2026-09-29T14:22:27.063393+00:00,293,2026-09-29 14:22:24.327,9.700000000000045,5140.870802407801,5121.6,0,0.0,Normal operation,0,1.0818,1.6157,0,-0.0715,-0.0,0,0,2026-09-29T14:28:26.613501+00:00,359550.108
5979,L53158,L,300.5,310.6,1448,46.3,173,0,0,0,0,0,0,2026-09-29T14:22:27.083393+00:00,295,2026-09-29 14:22:24.327,10.100000000000023,7020.663710634277,8009.9,0,0.0,Normal operation,0,0.6248,1.0579,0,-0.1352,-0.0,0,0,2026-09-29T14:28:26.613501+00:00,359530.108
157,M15016,M,298.4,308.1,1495,46.0,203,0,0,0,0,0,0,2026-09-29T14:22:27.153393+00:00,302,2026-09-29 14:22:24.327,9.700000000000045,7201.577559579002,9338.0,1,0.8,TWF_ToolWear(203min>=200min),0,0.9355,1.5351,0,-0.0686,-0.0,0,1,2026-09-29T14:28:26.613501+00:00,359460.108
1032,L48211,L,296.4,307.5,1549,36.1,58,0,0,0,0,0,0,2026-09-29T14:22:27.173393+00:00,304,2026-09-29 14:22:24.327,11.100000000000023,5855.813514560743,2093.8,0,0.0,Normal operation,0,1.0787,1.7981,0,-0.0733,-0.0,0,0,2026-09-29T14:28:26.613501+00:00,359440.108
2034,H31447,H,298.8,308.5,1359,47.6,85,0,0,0,0,0,0,2026-09-29T14:22:27.193393+00:00,306,2026-09-29 14:22:24.327,9.699999999999989,6774.153407082599,4046.0,0,0.0,Normal operation,0,0.7283,1.0756,0,-0.1303,-0.0,0,0,2026-09-29T14:28:26.613501+00:00,359420.108
5203,L52382,L,303.7,312.7,1335,51.1,161,0,0,0,0,0,0,2026-09-29T14:22:27.323393+00:00,319,2026-09-29 14:22:24.330,9.0,7143.82461463051,8227.1,0,0.0,Normal operation,0,1.3299,1.8752,0,-0.0462,-0.0,0,0,2026-09-29T14:28:26.613501+00:00,359290.10799999995
7028,L54207,L,300.6,310.6,1508,34.8,62,0,0,0,0,0,0,2026-09-29T14:22:27.333393+00:00,320,2026-09-29 14:22:24.330,10.0,5495.525197071553,2157.6,0,0.0,Normal operation,0,0.48,0.7404,0,-0.1492,-0.0,0,0,2026-09-29T14:28:26.613501+00:00,359280.108
6402,M21261,M,300.0,309.6,1573,39.7,162,0,0,0,0,0,0,2026-09-29T14:22:27.343393+00:00,321,2026-09-29 14:22:24.330,9.600000000000023,6539.5497396880255,6431.400000000001,0,0.0,Normal operation,0,0.4057,0.8829,0,-0.1471,-0.0,0,0,2026-09-29T14:28:26.613501+00:00,359270.108
8534,M23393,M,298.6,309.4,1465,41.1,30,0,0,0,0,0,0,2026-09-29T14:22:27.353393+00:00,322,2026-09-29 14:22:24.330,10.799999999999955,6305.333535387394,1233.0,0,0.0,Normal operation,0,0.6512,1.217,0,-0.1407,-0.0,0,0,2026-09-29T14:28:26.613501+00:00,359260.108
2850,L50029,L,300.4,309.3,1766,28.2,207,0,0,0,0,0,0,2026-09-29T14:22:27.403393+00:00,327,2026-09-29 14:22:24.331,8.900000000000034,5215.1694686652,5837.4,1,0.8,TWF_ToolWear(207min>=200min),0,1.0935,1.5987,0,-0.0646,-0.0,0,1,2026-09-29T14:28:26.613501+00:00,359210.108
5908,H35321,H,300.8,310.4,1419,46.4,200,0,0,0,0,0,0,2026-09-29T14:22:27.413393+00:00,328,2026-09-29 14:22:24.331,9.599999999999966,6894.916228686589,9280.0,1,0.8,TWF_ToolWear(200min>=200min),0,0.7627,1.4874,0,-0.1122,-0.0,0,1,2026-09-29T14:28:26.613501+00:00,359200.108
9080,H38493,H,297.3,308.1,1554,42.4,158,0,0,0,0,0,0,2026-09-29T14:22:27.433393+00:00,330,2026-09-29 14:22:24.331,10.800000000000011,6899.942776932333,6699.2,0,0.0,Normal operation,0,0.8652,1.3452,0,-0.1222,-0.0,0,0,2026-09-29T14:28:26.613501+00:00,359180.108
1201,M16060,M,296.9,308.0,1430,55.9,71,0,0,0,0,0,0,2026-09-29T14:22:27.483393+00:00,335,2026-09-29 14:22:24.332,11.100000000000023,8370.983065000242,3968.9,0,0.0,Normal operation,0,1.3854,2.0916,0,-0.0545,-0.0,0,0,2026-09-29T14:28:26.613501+00:00,359130.108
8646,M23505,M,297.6,308.6,1492,35.5,88,0,0,0,0,0,0,2026-09-29T14:22:27.513393+00:00,338,2026-09-29 14:22:24.332,11.0,5546.586549667899,3124.0,0,0.0,Normal operation,0,0.7681,1.1942,0,-0.1406,-0.0,0,0,2026-09-29T14:28:26.613501+00:00,359100.10799999995
7979,L55158,L,301.2,312.4,1480,53.5,97,0,0,0,0,0,0,2026-09-29T14:22:27.523393+00:00,339,2026-09-29 14:22:24.332,11.199999999999989,8291.71021037466,5189.5,0,0.0,Normal operation,0,1.2401,2.0135,0,-0.0439,-0.0,0,0,2026-09-29T14:28:26.613501+00:00,359090.108
2431,M17290,M,298.9,308.2,1335,47.8,40,0,0,0,0,0,0,2026-09-29T14:22:27.613393+00:00,348,2026-09-29 14:22:24.333,9.300000000000011,6682.481733450848,1912.0,0,0.0,Normal operation,0,0.9111,1.2176,0,-0.1067,-0.0,0,0,2026-09-29T14:28:26.613501+00:00,359000.108
9420,L56599,L,298.0,308.4,1911,22.0,13,0,0,0,0,0,0,2026-09-29T14:22:27.633393+00:00,350,2026-09-29 14:22:24.333,10.399999999999977,4402.627944740736,286.0,0,0.0,Normal operation,0,1.514,2.1918,0,-0.0007,-0.0,0,0,2026-09-29T14:28:26.613501+00:00,358980.10799999995
3793,L50972,L,302.3,310.9,1459,35.0,32,0,0,0,0,0,0,2026-09-29T14:22:27.643393+00:00,351,2026-09-29 14:22:24.333,8.599999999999966,5347.514295185426,1120.0,0,0.0,Normal operation,0,0.962,1.4394,0,-0.0904,-0.0,0,0,2026-09-29T14:28:26.613501+00:00,358970.108
9226,L56405,L,298.0,309.1,1820,23.6,120,0,0,0,0,0,0,2026-09-29T14:22:27.683393+00:00,355,2026-09-29 14:22:24.333,11.100000000000023,4497.922921899626,2832.0,0,0.0,Normal operation,0,1.2612,1.7229,0,-0.0727,-0.0,0,0,2026-09-29T14:28:26.613501+00:00,358930.108
7816,M22675,M,299.9,311.3,1703,28.4,134,0,0,0,0,0,0,2026-09-29T14:22:27.693393+00:00,356,2026-09-29 14:22:24.333,11.400000000000034,5064.791900313368,3805.6,0,0.0,Normal operation,0,0.9705,1.396,0,-0.09,-0.0,0,0,2026-09-29T14:28:26.613501+00:00,358920.108
3604,L50783,L,301.7,310.7,1542,40.0,188,0,0,0,0,0,0,2026-09-29T14:22:27.733393+00:00,360,2026-09-29 14:22:24.333,9.0,6459.114495780615,7520.0,0,0.0,Normal operation,0,0.7346,1.2965,0,-0.1137,-0.0,0,0,2026-09-29T14:28:26.613501+00:00,358880.108
2119,H31532,H,299.3,308.9,1429,43.0,96,0,0,0,0,0,0,2026-09-29T14:22:27.763393+00:00,363,2026-09-29 14:22:24.334,9.599999999999966,6434.7147928377335,4128.0,0,0.0,Normal operation,0,0.4576,0.7386,0,-0.1553,-0.0,0,0,2026-09-29T14:28:26.613501+00:00,358850.10799999995
3532,M18391,M,301.9,310.9,1641,33.2,3,0,0,0,0,0,0,2026-09-29T14:22:27.773393+00:00,364,2026-09-29 14:22:24.334,9.0,5705.257922625208,99.60000000000001,0,0.0,Normal operation,0,0.9404,1.6466,0,-0.0792,-0.0,0,0,2026-09-29T14:28:26.613501+00:00,358840.108
6457,L53636,L,300.7,310.2,1387,50.6,83,0,0,0,0,0,0,2026-09-29T14:22:27.793393+00:00,366,2026-09-29 14:22:24.334,9.5,7349.462797758985,4199.8,0,0.0,Normal operation,0,0.7467,1.151,0,-0.129,-0.0,0,0,2026-09-29T14:28:26.613501+00:00,358820.108
8250,L55429,L,299.0,310.4,1524,39.8,120,0,0,0,0,0,0,2026-09-29T14:22:27.803393+00:00,367,2026-09-29 14:22:24.334,11.399999999999977,6351.797690733987,4776.0,0,0.0,Normal operation,0,0.5769,1.396,0,-0.1426,-0.0,0,0,2026-09-29T14:28:26.613501+00:00,358810.108
7500,L54679,L,300.3,311.8,1746,26.3,187,0,0,0,0,0,0,2026-09-29T14:22:27.813393+00:00,368,2026-09-29 14:22:24.334,11.5,4808.7102111437525,4918.1,0,0.0,Normal operation,0,1.2446,1.4972,0,-0.0492,-0.0,0,0,2026-09-29T14:28:26.613501+00:00,358800.108
1686,L48865,L,297.9,307.3,1824,26.3,5,0,0,0,0,0,0,2026-09-29T14:22:27.833393+00:00,370,2026-09-29 14:22:24.334,9.400000000000034,5023.532316796223,131.5,0,0.0,Normal operation,0,1.3953,1.8182,0,-0.0092,-0.0,0,0,2026-09-29T14:28:26.613501+00:00,358780.108
8845,H38258,H,297.4,308.9,1645,30.8,196,0,0,0,0,0,0,2026-09-29T14:22:27.853393+00:00,372,2026-09-29 14:22:24.334,11.5,5305.731112892681,6036.8,0,0.0,Normal operation,0,1.1082,1.4972,0,-0.0836,-0.0,0,0,2026-09-29T14:28:26.613501+00:00,358760.108
4588,M19447,M,302.8,311.0,1507,33.4,82,0,0,0,0,0,0,2026-09-29T14:22:27.883393+00:00,375,2026-09-29 14:22:24.334,8.199999999999989,5270.9432102419305,2738.7999999999997,0,0.0,Normal operation,0,1.0304,1.8445,0,-0.0893,-0.0,0,0,2026-09-29T14:28:26.613501+00:00,358730.10799999995
8542,L55721,L,298.5,309.5,1738,25.2,49,0,0,0,0,0,0,2026-09-29T14:22:27.923393+00:00,379,2026-09-29 14:22:24.335,11.0,4586.473946828811,1234.8,0,0.0,Normal operation,0,1.1227,1.6357,0,-0.0808,-0.0,0,0,2026-09-29T14:28:26.613501+00:00,358690.108
1951,M16810,M,298.0,307.9,1479,47.6,76,0,0,0,0,0,0,2026-09-29T14:22:27.963393+00:00,383,2026-09-29 14:22:24.335,9.899999999999977,7372.312648326097,3617.6,0,0.0,Normal operation,0,0.8696,1.4133,0,-0.1229,-0.0,0,0,2026-09-29T14:28:26.613501+00:00,358650.108
2995,L50174,L,300.5,309.8,1461,52.5,146,0,0,0,0,0,0,2026-09-29T14:22:27.993393+00:00,386,2026-09-29 14:22:24.335,9.300000000000011,8032.267017065703,7665.0,0,0.0,Normal operation,0,0.9376,1.758,0,-0.104,-0.0,0,0,2026-09-29T14:28:26.613501+00:00,358620.108
6885,L54064,L,300.8,311.2,1492,39.0,109,0,0,0,0,0,0,2026-09-29T14:22:28.023393+00:00,389,2026-09-29 14:22:24.335,10.399999999999977,6093.433110902763,4251.0,0,0.0,Normal operation,0,0.3952,0.8132,0,-0.1479,-0.0,0,0,2026-09-29T14:28:26.613501+00:00,358590.108
2498,M17357,M,299.2,308.9,1521,42.3,215,0,0,0,0,0,0,2026-09-29T14:22:28.063393+00:00,393,2026-09-29 14:22:24.336,9.699999999999989,6737.491020815205,9094.5,1,0.8,TWF_ToolWear(215min>=200min),0,0.7659,1.726,0,-0.0977,-0.0,0,1,2026-09-29T14:28:26.613501+00:00,358550.108
137,H29550,H,298.7,308.5,1420,45.7,143,0,0,0,0,0,0,2026-09-29T14:22:28.083393+00:00,395,2026-09-29 14:22:24.336,9.800000000000011,6795.683788735201,6535.1,0,0.0,Normal operation,0,0.657,1.0085,0,-0.1459,-0.0,0,0,2026-09-29T14:28:26.613501+00:00,358530.108
8032,L55211,L,300.7,312.0,1550,32.4,5,0,0,0,0,0,0,2026-09-29T14:22:28.113393+00:00,398,2026-09-29 14:22:24.336,11.300000000000011,5259.026102109314,162.0,0,0.0,Normal operation,0,1.0541,1.6147,0,-0.0729,-0.0,0,0,2026-09-29T14:28:26.613501+00:00,358500.108
5114,L52293,L,304.1,313.6,1382,46.7,134,0,0,0,0,0,0,2026-09-29T14:22:28.133393+00:00,400,2026-09-29 14:22:24.336,9.5,6758.550163569769,6257.8,0,0.0,Normal operation,0,1.3301,2.4325,0,-0.0364,-0.0,0,0,2026-09-29T14:28:26.613501+00:00,358480.10799999995
1920,L49099,L,298.2,308.0,1658,30.0,3,0,0,0,0,0,0,2026-09-29T14:22:28.143393+00:00,401,2026-09-29 14:22:24.336,9.800000000000011,5208.760619651876,90.0,0,0.0,Normal operation,0,1.064,1.6466,0,-0.0512,-0.0,0,0,2026-09-29T14:28:26.613501+00:00,358470.108
1434,L48613,L,298.8,309.8,1363,44.0,25,0,0,0,0,0,0,2026-09-29T14:22:28.153393+00:00,402,2026-09-29 14:22:24.336,11.0,6280.253154036235,1100.0,0,0.0,Normal operation,0,0.7879,1.2966,0,-0.1076,-0.0,0,0,2026-09-29T14:28:26.613501+00:00,358460.108
5376,L52555,L,302.9,312.3,1530,34.9,185,0,0,0,0,0,0,2026-09-29T14:22:28.163393+00:00,403,2026-09-29 14:22:24.336,9.400000000000034,5591.720764124472,6456.5,0,0.0,Normal operation,0,1.0151,1.5554,0,-0.0903,-0.0,0,0,2026-09-29T14:28:26.613501+00:00,358450.108
4265,M19124,M,302.6,311.0,1542,39.7,141,0,0,0,0,0,0,2026-09-29T14:22:28.263393+00:00,413,2026-09-29 14:22:24.340,8.399999999999977,6410.67113706226,5597.700000000001,0,0.0,Normal operation,0,0.8644,1.6419,0,-0.1091,-0.0,0,0,2026-09-29T14:28:26.613501+00:00,358350.10799999995
9249,M24108,M,298.3,309.1,1488,40.6,176,0,0,0,0,0,0,2026-09-29T14:22:28.353393+00:00,422,2026-09-29 14:22:24.341,10.800000000000011,6326.413622092982,7145.6,0,0.0,Normal operation,0,0.658,1.1056,0,-0.1344,-0.0,0,0,2026-09-29T14:28:26.613501+00:00,358260.108
2779,L49958,L,300.0,309.4,1308,50.2,32,0,0,0,0,0,0,2026-09-29T14:22:28.363393+00:00,423,2026-09-29 14:22:24.341,9.399999999999977,6876.066672765052,1606.4,0,0.0,Normal operation,0,0.8842,1.3774,0,-0.1035,-0.0,0,0,2026-09-29T14:28:26.613501+00:00,358250.108
7554,L54733,L,300.3,311.3,1505,39.6,107,0,0,0,0,0,0,2026-09-29T14:22:28.383393+00:00,425,2026-09-29 14:22:24.341,11.0,6241.087965621483,4237.2,0,0.0,Normal operation,0,0.5112,0.9909,0,-0.146,-0.0,0,0,2026-09-29T14:28:26.613501+00:00,358230.10799999995
6452,L53631,L,300.7,310.2,1696,27.5,73,0,0,0,0,0,0,2026-09-29T14:22:28.413393+00:00,428,2026-09-29 14:22:24.341,9.5,4884.129378780932,2007.5,0,0.0,Normal operation,0,0.8445,1.3425,0,-0.1072,-0.0,0,0,2026-09-29T14:28:26.613501+00:00,358200.108
7845,L55024,L,300.1,311.7,1503,42.6,208,0,0,0,0,0,0,2026-09-29T14:22:28.463393+00:00,433,2026-09-29 14:22:24.342,11.599999999999966,6704.975536850552,8860.800000000001,1,0.8,TWF_ToolWear(208min>=200min),0,0.9885,1.6146,0,-0.0762,-0.0,0,1,2026-09-29T14:28:26.613501+00:00,358150.108
3834,M18693,M,302.3,311.0,1541,36.6,143,0,0,0,0,0,0,2026-09-29T14:22:28.483393+00:00,435,2026-09-29 14:22:24.342,8.699999999999989,5906.257020601884,5233.8,0,0.0,Normal operation,0,0.7722,1.3382,0,-0.1283,-0.0,0,0,2026-09-29T14:28:26.613501+00:00,358130.108
7491,M22350,M,300.4,311.8,1707,30.0,165,0,0,0,0,0,0,2026-09-29T14:22:28.493393+00:00,436,2026-09-29 14:22:24.342,11.400000000000034,5362.698659677777,4950.0,0,0.0,Normal operation,0,1.0071,1.396,0,-0.0849,-0.0,0,0,2026-09-29T14:28:26.613501+00:00,358120.108
4325,L51504,L,301.7,310.2,1486,43.0,66,0,0,0,0,0,0,2026-09-29T14:22:28.523393+00:00,439,2026-09-29 14:22:24.342,8.5,6691.38291263602,2838.0,0,0.0,Normal operation,0,0.7544,1.5407,0,-0.1105,-0.0,0,0,2026-09-29T14:28:26.613501+00:00,358090.108
3717,L50896,L,302.3,311.4,1609,32.3,49,0,0,0,0,0,0,2026-09-29T14:22:28.583393+00:00,445,2026-09-29 14:22:24.343,9.099999999999966,5442.358977397302,1582.6999999999998,0,0.0,Normal operation,0,0.8755,1.1708,0,-0.1207,-0.0,0,0,2026-09-29T14:28:26.613501+00:00,358030.108
4934,H34347,H,303.4,312.2,1554,36.8,85,0,0,0,0,0,0,2026-09-29T14:22:28.633393+00:00,450,2026-09-29 14:22:24.343,8.800000000000011,5988.629579979007,3127.9999999999995,0,0.0,Normal operation,0,0.9996,1.7243,0,-0.0984,-0.0,0,0,2026-09-29T14:28:26.613501+00:00,357980.10799999995
6565,L53744,L,301.4,310.6,1557,38.2,157,0,0,0,0,0,0,2026-09-29T14:22:28.663393+00:00,453,2026-09-29 14:22:24.343,9.200000000000045,6228.458763154052,5997.400000000001,0,0.0,Normal operation,0,0.5414,0.8318,0,-0.1419,-0.0,0,0,2026-09-29T14:28:26.613501+00:00,357950.108
4475,L51654,L,302.7,310.5,1563,35.0,8,0,0,0,0,0,0,2026-09-29T14:22:28.673393+00:00,454,2026-09-29 14:22:24.343,7.800000000000011,5728.694203820987,280.0,0,0.0,Normal operation,0,1.1971,2.2495,0,-0.0431,-0.0,0,0,2026-09-29T14:28:26.613501+00:00,357940.108
6890,H36303,H,300.9,311.4,1387,42.7,121,0,0,0,0,0,0,2026-09-29T14:22:28.683393+00:00,455,2026-09-29 14:22:24.343,10.5,6202.017024986338,5166.700000000001,0,0.0,Normal operation,0,0.5778,0.9481,0,-0.1415,-0.0,0,0,2026-09-29T14:28:26.613501+00:00,357930.108
7740,L54919,L,300.5,311.9,1576,31.1,149,0,0,0,0,0,0,2026-09-29T14:22:28.703393+00:00,457,2026-09-29 14:22:24.343,11.399999999999977,5132.692189532957,4633.900000000001,0,0.0,Normal operation,0,0.9399,1.396,0,-0.1053,-0.0,0,0,2026-09-29T14:28:26.613501+00:00,357910.108
6846,M21705,M,301.3,311.5,1648,32.4,0,0,0,0,0,0,0,2026-09-29T14:22:28.743393+00:00,461,2026-09-29 14:22:24.344,10.199999999999989,5591.532268565257,0.0,0,0.0,Normal operation,0,0.9087,1.6943,0,-0.0731,-0.0,0,0,2026-09-29T14:28:26.613501+00:00,357870.108
3713,L50892,L,302.3,311.5,1543,33.1,39,0,0,0,0,0,0,2026-09-29T14:22:28.763393+00:00,463,2026-09-29 14:22:24.344,9.199999999999989,5348.383469152919,1290.9,0,0.0,Normal operation,0,0.8868,1.1708,0,-0.1185,-0.0,0,0,2026-09-29T14:28:26.613501+00:00,357850.10799999995
540,M15399,M,297.4,309.3,1775,25.8,91,0,0,0,0,0,0,2026-09-29T14:22:28.793393+00:00,466,2026-09-29 14:22:24.344,11.900000000000034,4795.641185704819,2347.8,0,0.0,Normal operation,0,1.2906,1.9023,0,-0.0601,-0.0,0,0,2026-09-29T14:28:26.613501+00:00,357820.108
8965,M23824,M,297.2,307.9,1456,44.9,85,0,0,0,0,0,0,2026-09-29T14:22:28.803393+00:00,467,2026-09-29 14:22:24.344,10.699999999999989,6845.991159094686,3816.5,0,0.0,Normal operation,0,0.8814,1.4133,0,-0.1429,-0.0,0,0,2026-09-29T14:28:26.613501+00:00,357810.108
6576,M21435,M,301.4,310.5,1451,45.3,183,0,0,0,0,0,0,2026-09-29T14:22:28.823393+00:00,469,2026-09-29 14:22:24.344,9.100000000000023,6883.260919941773,8289.9,0,0.0,Normal operation,0,0.7569,1.2169,0,-0.12,-0.0,0,0,2026-09-29T14:28:26.613501+00:00,357790.10799999995
1927,L49106,L,298.0,307.7,1606,30.8,17,0,0,0,0,0,0,2026-09-29T14:22:28.853393+00:00,472,2026-09-29 14:22:24.345,9.699999999999989,5179.941743042947,523.6,0,0.0,Normal operation,0,1.0444,1.5483,0,-0.0824,-0.0,0,0,2026-09-29T14:28:26.613501+00:00,357760.108
5024,M19883,M,304.0,313.0,1575,34.5,92,0,0,0,0,0,0,2026-09-29T14:22:28.893393+00:00,476,2026-09-29 14:22:24.345,9.0,5690.209693814512,3174.0,0,0.0,Normal operation,0,1.1937,2.0277,0,-0.0694,-0.0,0,0,2026-09-29T14:28:26.613501+00:00,357720.108
5031,M19890,M,303.9,313.1,1437,48.3,110,0,0,0,0,0,0,2026-09-29T14:22:28.903393+00:00,477,2026-09-29 14:22:24.345,9.200000000000045,7268.294515565736,5313.0,0,0.0,Normal operation,0,1.2651,2.0951,0,-0.0576,-0.0,0,0,2026-09-29T14:28:26.613501+00:00,357710.108
2681,L49860,L,299.8,309.5,1641,27.1,16,0,0,0,0,0,0,2026-09-29T14:22:28.913393+00:00,478,2026-09-29 14:22:24.345,9.699999999999989,4657.002701901902,433.6,0,0.0,Normal operation,0,0.9886,1.5662,0,-0.0813,-0.0,0,0,2026-09-29T14:28:26.613501+00:00,357700.108
3637,L50816,L,302.2,311.4,1449,46.5,60,0,0,0,0,0,0,2026-09-29T14:22:28.923393+00:00,479,2026-09-29 14:22:24.345,9.199999999999989,7055.860020329996,2790.0,0,0.0,Normal operation,0,0.8316,1.1205,0,-0.1217,-0.0,0,0,2026-09-29T14:28:26.613501+00:00,357690.108
6547,M21406,M,301.4,310.8,1530,39.9,107,0,0,0,0,0,0,2026-09-29T14:22:28.943393+00:00,481,2026-09-29 14:22:24.346,9.400000000000034,6392.82689078987,4269.3,0,0.0,Normal operation,0,0.4195,0.7179,0,-0.1568,-0.0,0,0,2026-09-29T14:28:26.613501+00:00,357670.108
8793,L55972,L,297.4,308.5,1418,51.2,52,0,0,0,0,0,0,2026-09-29T14:22:28.953393+00:00,482,2026-09-29 14:22:24.346,11.100000000000023,7602.821773295491,2662.4,0,0.0,Normal operation,0,1.0969,1.3351,0,-0.1099,-0.0,0,0,2026-09-29T14:28:26.613501+00:00,357660.108
6431,L53610,L,300.3,309.8,1523,39.2,24,0,0,0,0,0,0,2026-09-29T14:22:28.983393+00:00,485,2026-09-29 14:22:24.348,9.5,6251.9369322518805,940.8000000000001,0,0.0,Normal operation,0,0.5423,1.3125,0,-0.1364,-0.0,0,0,2026-09-29T14:28:26.613501+00:00,357630.108
9460,L56639,L,298.4,309.1,1579,36.1,123,0,0,0,0,0,0,2026-09-29T14:22:29.003393+00:00,487,2026-09-29 14:22:24.348,10.700000000000045,5969.225009355334,4440.3,0,0.0,Normal operation,0,0.5067,0.7917,0,-0.1585,-0.0,0,0,2026-09-29T14:28:26.613501+00:00,357610.108
5575,L52754,L,302.4,312.0,1305,49.1,16,0,0,0,0,0,0,2026-09-29T14:22:29.013393+00:00,488,2026-09-29 14:22:24.348,9.600000000000023,6709.970669169759,785.6,0,0.0,Normal operation,0,1.116,1.4398,0,-0.0582,-0.0,0,0,2026-09-29T14:28:26.613501+00:00,357600.10799999995
4251,L51430,L,302.6,311.0,1660,38.0,99,0,0,0,0,0,0,2026-09-29T14:22:29.033393+00:00,490,2026-09-29 14:22:24.349,8.399999999999977,6605.722152948138,3762.0,0,0.0,Normal operation,0,0.8921,1.6419,0,-0.0835,-0.0,0,0,2026-09-29T14:28:26.613501+00:00,357580.108
1814,L48993,L,298.1,307.7,1479,45.0,136,0,0,0,0,0,0,2026-09-29T14:22:29.063393+00:00,493,2026-09-29 14:22:24.349,9.599999999999966,6969.623301988956,6120.0,0,0.0,Normal operation,0,0.8145,1.5483,0,-0.1369,-0.0,0,0,2026-09-29T14:28:26.613501+00:00,357550.108
3230,L50409,L,300.6,309.4,1442,43.2,96,0,0,0,0,0,0,2026-09-29T14:22:29.073393+00:00,494,2026-09-29 14:22:24.349,8.799999999999955,6523.454313326133,4147.200000000001,0,0.0,Normal operation,0,0.5822,1.2369,0,-0.1287,-0.0,0,0,2026-09-29T14:28:26.613501+00:00,357540.10799999995
2998,L50177,L,300.5,309.8,1345,62.7,153,0,0,0,0,0,0,2026-09-29T14:22:24.133393+00:00,0,2026-09-29 14:22:24.293,9.300000000000011,8831.174028873587,9593.1,0,0.0,Normal operation,0,1.4568,2.5448,0,-0.0178,-0.0,0,0,2026-09-29T14:28:26.613501+00:00,362480.10799999995
952,H30365,H,295.6,306.3,1509,35.8,60,0,0,0,0,0,0,2026-09-29T14:22:24.163393+00:00,3,2026-09-29 14:22:24.294,10.699999999999989,5657.191555025283,2148.0,0,0.0,Normal operation,0,1.3423,2.4929,0,-0.0454,-0.0,0,0,2026-09-29T14:28:26.613501+00:00,362450.108
2101,M16960,M,299.3,309.3,1471,46.0,42,0,0,0,0,0,0,2026-09-29T14:22:24.203393+00:00,7,2026-09-29 14:22:24.294,10.0,7085.9669499268975,1932.0,0,0.0,Normal operation,0,0.6195,1.0261,0,-0.1413,-0.0,0,0,2026-09-29T14:28:26.613501+00:00,362410.108
2422,L49601,L,298.9,308.2,2384,15.0,19,0,0,0,0,0,0,2026-09-29T14:22:24.223393+00:00,9,2026-09-29 14:22:24.295,9.300000000000011,3744.7784430790334,285.0,0,0.0,Normal operation,1,2.4474,4.9915,1,0.0858,-0.0,1,1,2026-09-29T14:28:26.613501+00:00,362390.108
129,L47308,L,299.0,308.6,1587,38.6,124,0,0,0,0,0,0,2026-09-29T14:22:24.233393+00:00,10,2026-09-29 14:22:24.295,9.600000000000023,6414.943703071142,4786.400000000001,0,0.0,Normal operation,0,0.4628,0.941,0,-0.1549,-0.0,0,0,2026-09-29T14:28:26.613501+00:00,362380.108
7718,L54897,L,300.5,311.6,1365,53.0,85,0,0,0,0,0,0,2026-09-29T14:22:24.243393+00:00,11,2026-09-29 14:22:24.295,11.100000000000023,7575.950684131786,4505.0,0,0.0,Normal operation,0,1.0223,1.4032,0,-0.0817,-0.0,0,0,2026-09-29T14:28:26.613501+00:00,362370.108
5087,L52266,L,304.0,313.0,1541,45.9,64,0,0,0,0,0,0,2026-09-29T14:22:24.283393+00:00,15,2026-09-29 14:22:24.295,9.0,7407.027247148262,2937.6,0,0.0,Normal operation,0,1.2806,2.0277,0,-0.0494,-0.0,0,0,2026-09-29T14:28:26.613501+00:00,362330.108
133,M14992,M,298.7,308.4,1441,43.2,132,0,0,0,0,0,0,2026-09-29T14:22:24.323393+00:00,19,2026-09-29 14:22:24.296,9.699999999999989,6518.930419904965,5702.400000000001,0,0.0,Normal operation,0,0.5853,1.076,0,-0.1572,-0.0,0,0,2026-09-29T14:28:26.613501+00:00,362290.10799999995
7382,L54561,L,299.7,310.3,1495,43.1,101,0,0,0,0,0,0,2026-09-29T14:22:24.333393+00:00,20,2026-09-29 14:22:24.296,10.600000000000023,6747.565061257717,4353.1,0,0.0,Normal operation,0,0.3505,0.5859,0,-0.147,-0.0,0,0,2026-09-29T14:28:26.613501+00:00,362280.108
1740,H31153,H,298.5,307.9,1260,54.2,141,0,0,0,0,0,0,2026-09-29T14:22:24.353393+00:00,22,2026-09-29 14:22:24.296,9.399999999999977,7151.521516631805,7642.200000000001,0,0.0,Normal operation,0,1.1425,1.6616,0,-0.06,-0.0,0,0,2026-09-29T14:28:26.613501+00:00,362260.108
885,L48064,L,295.8,306.4,1356,48.0,99,0,0,0,0,0,0,2026-09-29T14:22:24.393393+00:00,26,2026-09-29 14:22:24.296,10.599999999999966,6815.999421228415,4752.0,0,0.0,Normal operation,0,1.3591,2.4254,0,-0.0297,-0.0,0,0,2026-09-29T14:28:26.613501+00:00,362220.108
2048,L49227,L,299.3,309.2,1775,24.2,125,0,0,0,0,0,0,2026-09-29T14:22:24.413393+00:00,28,2026-09-29 14:22:24.297,9.899999999999977,4498.237081164985,3025.0,0,0.0,Normal operation,0,1.071,1.7226,0,-0.0872,-0.0,0,0,2026-09-29T14:28:26.613501+00:00,362200.108
2447,L49626,L,299.3,308.6,1422,48.9,83,0,0,0,0,0,0,2026-09-29T14:22:24.443393+00:00,31,2026-09-29 14:22:24.297,9.300000000000011,7281.771948049638,4058.7,0,0.0,Normal operation,0,0.7701,1.0189,0,-0.1332,-0.0,0,0,2026-09-29T14:28:26.613501+00:00,362170.108
1040,L48219,L,296.7,307.7,1524,36.8,82,0,0,0,0,0,0,2026-09-29T14:22:24.453393+00:00,32,2026-09-29 14:22:24.297,11.0,5873.0189703269025,3017.6,0,0.0,Normal operation,0,0.9621,1.6471,0,-0.1191,-0.0,0,0,2026-09-29T14:28:26.613501+00:00,362160.108
7294,L54473,L,300.1,310.5,1627,29.2,95,0,0,0,0,0,0,2026-09-29T14:22:24.503393+00:00,37,2026-09-29 14:22:24.297,10.399999999999977,4975.068014126844,2774.0,0,0.0,Normal operation,0,0.6904,1.253,0,-0.1155,-0.0,0,0,2026-09-29T14:28:26.613501+00:00,362110.108
6895,L54074,L,301.1,311.7,1408,46.3,135,0,0,0,0,0,0,2026-09-29T14:22:24.513393+00:00,38,2026-09-29 14:22:24.297,10.599999999999966,6826.722724152667,6250.5,0,0.0,Normal operation,0,0.7197,1.1505,0,-0.1325,-0.0,0,0,2026-09-29T14:28:26.613501+00:00,362100.10799999995
2120,M16979,M,299.3,308.9,1858,24.7,101,0,0,0,0,0,0,2026-09-29T14:22:24.553393+00:00,42,2026-09-29 14:22:24.298,9.599999999999966,4805.861833804498,2494.7,0,0.0,Normal operation,0,1.125,1.8781,0,-0.0845,-0.0,0,0,2026-09-29T14:28:26.613501+00:00,362060.108
8583,M23442,M,297.5,308.1,1334,72.0,151,1,0,0,1,0,0,2026-09-29T14:22:24.563393+00:00,43,2026-09-29 14:22:24.298,10.600000000000023,10058.123039733082,10872.0,1,0.95,PWF_HighPower(10058W>9000W); HighTorque(72.0Nm>68.0),1,2.1102,3.7532,1,0.0238,-0.0,1,1,2026-09-29T14:28:26.613501+00:00,362050.108
5404,L52583,L,302.7,312.3,1858,25.4,2,0,0,0,0,0,0,2026-09-29T14:22:24.583393+00:00,45,2026-09-29 14:22:24.298,9.600000000000023,4942.060347313127,50.8,0,0.0,Normal operation,0,1.4476,1.8781,0,-0.0226,-0.0,0,0,2026-09-29T14:28:26.613501+00:00,362030.108
8743,L55922,L,297.4,308.8,1467,39.0,128,0,0,0,0,0,0,2026-09-29T14:22:24.683393+00:00,55,2026-09-29 14:22:24.299,11.400000000000034,5991.3313496610945,4992.0,0,0.0,Normal operation,0,0.8151,1.396,0,-0.1443,-0.0,0,0,2026-09-29T14:28:26.613501+00:00,361930.108
9147,L56326,L,297.6,308.6,1528,40.0,123,0,0,0,0,0,0,2026-09-29T14:22:24.703393+00:00,57,2026-09-29 14:22:24.299,11.0,6400.471432913605,4920.0,0,0.0,Normal operation,0,0.6961,1.1942,0,-0.1544,-0.0,0,0,2026-09-29T14:28:26.613501+00:00,361910.108
5437,M20296,M,302.9,312.5,1679,30.9,79,0,0,0,0,0,0,2026-09-29T14:22:24.743393+00:00,61,2026-09-29 14:22:24.299,9.600000000000023,5432.97608733858,2441.1,0,0.0,Normal operation,0,1.0391,1.6903,0,-0.0864,-0.0,0,0,2026-09-29T14:28:26.613501+00:00,361870.108
867,L48046,L,295.9,306.6,1678,26.7,53,0,0,0,0,0,0,2026-09-29T14:22:24.793393+00:00,66,2026-09-29 14:22:24.301,10.700000000000045,4691.717300724068,1415.1,0,0.0,Normal operation,0,1.4882,2.2904,1,0.0022,-0.0,0,1,2026-09-29T14:28:26.613501+00:00,361820.108
1232,M16091,M,297.2,308.5,1604,40.7,158,0,0,0,0,0,0,2026-09-29T14:22:24.823393+00:00,69,2026-09-29 14:22:24.302,11.300000000000011,6836.398829525725,6430.6,0,0.0,Normal operation,0,0.9103,1.3955,0,-0.1145,-0.0,0,0,2026-09-29T14:28:26.613501+00:00,361790.10799999995
6743,H36156,H,301.7,311.2,1639,30.0,161,0,0,0,0,0,0,2026-09-29T14:22:24.843393+00:00,71,2026-09-29 14:22:24.304,9.5,5149.07035923367,4830.0,0,0.0,Normal operation,0,0.8437,1.0816,0,-0.1043,-0.0,0,0,2026-09-29T14:28:26.613501+00:00,361770.108
3965,M18824,M,302.3,311.6,1668,33.2,52,0,0,0,0,0,0,2026-09-29T14:22:24.873393+00:00,74,2026-09-29 14:22:24.304,9.300000000000011,5799.128711114471,1726.4,0,0.0,Normal operation,0,0.8494,1.1708,0,-0.1104,-0.0,0,0,2026-09-29T14:28:26.613501+00:00,361740.108
5040,H34453,H,304.1,313.3,1689,32.5,134,0,0,0,0,0,0,2026-09-29T14:22:24.893393+00:00,76,2026-09-29 14:22:24.304,9.199999999999989,5748.329157905924,4355.0,0,0.0,Normal operation,0,1.2953,2.2301,0,-0.0433,-0.0,0,0,2026-09-29T14:28:26.613501+00:00,361720.108
7056,L54235,L,300.8,310.6,1663,30.6,139,0,0,0,0,0,0,2026-09-29T14:22:24.903393+00:00,77,2026-09-29 14:22:24.304,9.800000000000011,5328.957954578223,4253.400000000001,0,0.0,Normal operation,0,0.644,0.9507,0,-0.1339,-0.0,0,0,2026-09-29T14:28:26.613501+00:00,361710.108
2138,L49317,L,299.3,308.9,1623,31.1,152,0,0,0,0,0,0,2026-09-29T14:22:24.953393+00:00,82,2026-09-29 14:22:24.305,9.599999999999966,5285.7610555913625,4727.2,0,0.0,Normal operation,0,0.6873,0.947,0,-0.1303,-0.0,0,0,2026-09-29T14:28:26.613501+00:00,361660.108
9318,L56497,L,298.5,309.5,1480,38.1,160,0,0,0,0,0,0,2026-09-29T14:22:24.963393+00:00,83,2026-09-29 14:22:24.305,11.0,5904.937551687375,6096.0,0,0.0,Normal operation,0,0.6137,0.9909,0,-0.1466,-0.0,0,0,2026-09-29T14:28:26.613501+00:00,361650.108
81,H29494,H,298.8,308.8,1445,49.9,4,0,0,0,0,0,0,2026-09-29T14:22:24.983393+00:00,85,2026-09-29 14:22:24.305,10.0,7550.870302780627,199.6,0,0.0,Normal operation,0,0.9847,1.6307,0,-0.0731,-0.0,0,0,2026-09-29T14:28:26.613501+00:00,361630.108
556,M15415,M,297.4,309.4,1539,42.2,134,0,0,0,0,0,0,2026-09-29T14:22:24.993393+00:00,86,2026-09-29 14:22:24.305,12.0,6801.108272050399,5654.8,0,0.0,Normal operation,0,0.9571,2.0036,0,-0.1085,-0.0,0,0,2026-09-29T14:28:26.613501+00:00,361620.108
5822,L53001,L,301.3,311.1,1303,49.2,212,0,0,0,0,0,0,2026-09-29T14:22:25.013393+00:00,88,2026-09-29 14:22:24.305,9.800000000000011,6713.332173309101,10430.400000000001,1,0.8,TWF_ToolWear(212min>=200min),0,1.0048,1.6783,0,-0.0444,-0.0,0,1,2026-09-29T14:28:26.613501+00:00,361600.10799999995
7974,L55153,L,301.1,312.3,1682,29.7,83,0,0,0,0,0,0,2026-09-29T14:22:25.043393+00:00,91,2026-09-29 14:22:24.306,11.199999999999989,5231.317254904651,2465.1,0,0.0,Normal operation,0,1.007,1.5554,0,-0.0714,-0.0,0,0,2026-09-29T14:28:26.613501+00:00,361570.108
3917,L51096,L,302.6,311.6,1453,37.0,135,0,0,0,0,0,0,2026-09-29T14:22:25.053393+00:00,92,2026-09-29 14:22:24.306,9.0,5629.838754988029,4995.0,0,0.0,Normal operation,0,0.8377,1.3217,0,-0.1212,-0.0,0,0,2026-09-29T14:28:26.613501+00:00,361560.108
8705,L55884,L,297.1,308.5,1425,40.0,35,0,0,0,0,0,0,2026-09-29T14:22:25.073393+00:00,94,2026-09-29 14:22:24.306,11.399999999999977,5969.026041820606,1400.0,0,0.0,Normal operation,0,0.9925,1.4458,0,-0.1072,-0.0,0,0,2026-09-29T14:28:26.613501+00:00,361540.10799999995
4232,L51411,L,302.2,310.8,1340,47.8,54,0,0,0,0,0,0,2026-09-29T14:22:25.093393+00:00,96,2026-09-29 14:22:24.306,8.600000000000023,6707.5097549244465,2581.2,0,0.0,Normal operation,0,0.9762,1.4394,0,-0.0845,-0.0,0,0,2026-09-29T14:28:26.613501+00:00,361520.108
7885,L55064,L,300.8,312.4,1465,59.1,91,1,0,0,1,0,0,2026-09-29T14:22:25.103393+00:00,97,2026-09-29 14:22:24.306,11.599999999999966,9066.793477892823,5378.1,1,0.95,PWF_HighPower(9067W>9000W),0,1.5817,2.7769,1,0.0102,-0.0,1,1,2026-09-29T14:28:26.613501+00:00,361510.108
4382,L51561,L,301.9,309.6,1446,43.2,225,0,0,0,0,0,0,2026-09-29T14:22:25.143393+00:00,101,2026-09-29 14:22:24.306,7.7000000000000455,6541.549887010811,9720.0,1,0.8,TWF_ToolWear(225min>=200min),0,1.2322,2.3508,0,-0.0131,-0.0,0,1,2026-09-29T14:28:26.613501+00:00,361470.108
7622,L54801,L,300.5,311.5,1490,38.4,67,0,0,0,0,0,0,2026-09-29T14:22:25.173393+00:00,104,2026-09-29 14:22:24.306,11.0,5991.645508926453,2572.7999999999997,0,0.0,Normal operation,0,0.6152,1.0156,0,-0.1329,-0.0,0,0,2026-09-29T14:28:26.613501+00:00,361440.108
5497,M20356,M,302.9,312.5,1924,24.0,17,0,0,0,0,0,0,2026-09-29T14:22:25.193393+00:00,106,2026-09-29 14:22:24.307,9.600000000000023,4835.539412405409,408.0,0,0.0,Normal operation,0,1.5593,2.2687,0,-0.0076,-0.0,0,0,2026-09-29T14:28:26.613501+00:00,361420.108
1734,L48913,L,298.4,308.0,1515,42.8,125,0,0,0,0,0,0,2026-09-29T14:22:25.243393+00:00,111,2026-09-29 14:22:24.307,9.600000000000023,6790.238361468978,5350.0,0,0.0,Normal operation,0,0.6682,1.3459,0,-0.1493,-0.0,0,0,2026-09-29T14:28:26.613501+00:00,361370.108
6539,L53718,L,301.4,310.7,1487,44.6,88,0,0,0,0,0,0,2026-09-29T14:22:25.263393+00:00,113,2026-09-29 14:22:24.307,9.300000000000011,6945.035103486859,3924.8,0,0.0,Normal operation,0,0.5614,0.7306,0,-0.1446,-0.0,0,0,2026-09-29T14:28:26.613501+00:00,361350.10799999995
7226,M22085,M,299.8,309.7,1910,21.8,141,0,0,0,0,0,0,2026-09-29T14:22:25.283393+00:00,115,2026-09-29 14:22:24.307,9.899999999999977,4360.321163672394,3073.8,0,0.0,Normal operation,0,1.3154,2.1859,0,-0.0604,-0.0,0,0,2026-09-29T14:28:26.613501+00:00,361330.108
5449,L52628,L,303.0,312.7,1551,41.8,111,0,0,0,0,0,0,2026-09-29T14:22:25.303393+00:00,117,2026-09-29 14:22:24.308,9.699999999999989,6789.170219966758,4639.799999999999,0,0.0,Normal operation,0,0.9336,1.8252,0,-0.0929,-0.0,0,0,2026-09-29T14:28:26.613501+00:00,361310.108
6435,M21294,M,300.3,309.9,1494,38.5,33,0,0,0,0,0,0,2026-09-29T14:22:25.313393+00:00,118,2026-09-29 14:22:24.308,9.599999999999966,6023.37559472771,1270.5,0,0.0,Normal operation,0,0.4957,1.1693,0,-0.143,-0.0,0,0,2026-09-29T14:28:26.613501+00:00,361300.108
3807,M18666,M,302.3,310.9,1360,44.0,67,1,0,1,0,0,0,2026-09-29T14:22:25.403393+00:00,127,2026-09-29 14:22:24.308,8.599999999999966,6266.430146360441,2948.0,1,0.85,"HDF_Rule(temp_diff=8.6K<8.6K,speed=1360<1380)",0,0.8916,1.4394,0,-0.0927,-0.0,0,1,2026-09-29T14:28:26.613501+00:00,361210.108
4967,L52146,L,303.8,312.6,1793,28.1,170,0,0,0,0,0,0,2026-09-29T14:22:25.453393+00:00,132,2026-09-29 14:22:24.310,8.800000000000011,5276.1268381203545,4777.0,0,0.0,Normal operation,0,1.4124,1.9256,0,-0.0184,-0.0,0,0,2026-09-29T14:28:26.613501+00:00,361160.108
8752,M23611,M,297.4,308.5,1472,42.0,150,0,0,0,0,0,0,2026-09-29T14:22:25.483393+00:00,135,2026-09-29 14:22:24.311,11.100000000000023,6474.194140517845,6300.0,0,0.0,Normal operation,0,0.8143,1.2949,0,-0.1459,-0.0,0,0,2026-09-29T14:28:26.613501+00:00,361130.108
7253,H36666,H,300.2,310.4,1501,42.9,212,0,0,0,0,0,0,2026-09-29T14:22:25.503393+00:00,137,2026-09-29 14:22:24.312,10.199999999999989,6743.2087194447395,9094.8,1,0.8,TWF_ToolWear(212min>=200min),0,0.6916,1.6783,0,-0.0931,-0.0,0,1,2026-09-29T14:28:26.613501+00:00,361110.108
1430,M16289,M,298.9,310.0,1456,43.8,15,0,0,0,0,0,0,2026-09-29T14:22:25.523393+00:00,139,2026-09-29 14:22:24.312,11.100000000000023,6678.271999295038,657.0,0,0.0,Normal operation,0,0.777,1.4557,0,-0.1134,-0.0,0,0,2026-09-29T14:28:26.613501+00:00,361090.108
6439,L53618,L,300.4,310.0,1581,30.3,42,0,0,0,0,0,0,2026-09-29T14:22:25.533393+00:00,140,2026-09-29 14:22:24.312,9.600000000000023,5016.526565178718,1272.6000000000001,0,0.0,Normal operation,0,0.7341,1.2121,0,-0.1175,-0.0,0,0,2026-09-29T14:28:26.613501+00:00,361080.108
8992,M23851,M,297.3,308.0,1598,29.4,148,0,0,0,0,0,0,2026-09-29T14:22:25.623393+00:00,149,2026-09-29 14:22:24.313,10.699999999999989,4919.859759227759,4351.2,0,0.0,Normal operation,0,1.036,1.3459,0,-0.1156,-0.0,0,0,2026-09-29T14:28:26.613501+00:00,360990.108
6496,M21355,M,300.6,309.8,1694,31.1,187,0,0,0,0,0,0,2026-09-29T14:22:25.663393+00:00,153,2026-09-29 14:22:24.313,9.199999999999989,5516.992746871084,5815.7,0,0.0,Normal operation,0,0.8103,1.2806,0,-0.1066,-0.0,0,0,2026-09-29T14:28:26.613501+00:00,360950.108
531,M15390,M,297.6,309.5,1709,32.2,65,0,0,0,0,0,0,2026-09-29T14:22:25.793393+00:00,166,2026-09-29 14:22:24.314,11.899999999999977,5762.707180283854,2093.0,0,0.0,Normal operation,0,1.0299,1.9023,0,-0.0814,-0.0,0,0,2026-09-29T14:28:26.613501+00:00,360820.108
12,H29425,H,298.6,309.1,1423,44.3,29,0,0,0,0,0,0,2026-09-29T14:22:25.813393+00:00,168,2026-09-29 14:22:24.314,10.5,6601.4181710127195,1284.6999999999998,0,0.0,Normal operation,0,0.7013,1.2329,0,-0.1419,-0.0,0,0,2026-09-29T14:28:26.613501+00:00,360800.108
1304,L48483,L,298.7,309.9,1593,42.5,146,0,0,0,0,0,0,2026-09-29T14:22:25.833393+00:00,170,2026-09-29 14:22:24.314,11.199999999999989,7089.789220988765,6205.0,0,0.0,Normal operation,0,0.6663,1.1934,0,-0.1364,-0.0,0,0,2026-09-29T14:28:26.613501+00:00,360780.108
5968,L53147,L,300.4,310.8,1390,52.5,144,0,0,0,0,0,0,2026-09-29T14:22:25.843393+00:00,171,2026-09-29 14:22:24.314,10.400000000000034,7641.9241298571715,7560.0,0,0.0,Normal operation,0,0.8743,1.3736,0,-0.1078,-0.0,0,0,2026-09-29T14:28:26.613501+00:00,360770.108
7683,M22542,M,300.7,311.7,1412,49.1,219,0,0,0,0,0,0,2026-09-29T14:22:25.863393+00:00,173,2026-09-29 14:22:24.314,11.0,7260.136846641915,10752.9,1,0.8,TWF_ToolWear(219min>=200min),0,1.0826,1.7896,0,-0.0386,-0.0,0,1,2026-09-29T14:28:26.613501+00:00,360750.108
2421,H31834,H,298.8,308.2,1450,44.7,14,0,0,0,0,0,0,2026-09-29T14:22:25.883393+00:00,175,2026-09-29 14:22:24.314,9.399999999999977,6787.410928080749,625.8000000000001,0,0.0,Normal operation,0,0.8643,1.4716,0,-0.1022,-0.0,0,0,2026-09-29T14:28:26.613501+00:00,360730.10799999995
8601,L55780,L,297.5,308.3,1435,40.3,197,0,0,0,0,0,0,2026-09-29T14:22:25.893393+00:00,176,2026-09-29 14:22:24.314,10.800000000000011,6055.995798447483,7939.099999999999,0,0.0,Normal operation,0,0.9244,1.4397,0,-0.1072,-0.0,0,0,2026-09-29T14:28:26.613501+00:00,360720.108
2051,M16910,M,299.5,309.3,1675,29.2,132,0,0,0,0,0,0,2026-09-29T14:22:25.943393+00:00,181,2026-09-29 14:22:24.315,9.800000000000011,5121.843222902559,3854.4,0,0.0,Normal operation,0,0.7128,1.1084,0,-0.1162,-0.0,0,0,2026-09-29T14:28:26.613501+00:00,360670.108
2031,L49210,L,298.9,308.6,1400,49.5,79,0,0,0,0,0,0,2026-09-29T14:22:26.013393+00:00,188,2026-09-29 14:22:24.315,9.700000000000045,7257.079029792421,3910.5,0,0.0,Normal operation,0,0.7773,1.0354,0,-0.1365,-0.0,0,0,2026-09-29T14:28:26.613501+00:00,360600.10799999995
8277,L55456,L,298.8,310.5,1384,52.8,200,0,0,0,0,0,0,2026-09-29T14:22:26.053393+00:00,192,2026-09-29 14:22:24.316,11.699999999999989,7652.417049320161,10560.0,1,0.8,TWF_ToolWear(200min>=200min),0,1.2102,1.6998,0,-0.034,-0.0,0,1,2026-09-29T14:28:26.613501+00:00,360560.108
843,M15702,M,296.6,307.5,1566,35.0,201,0,0,0,0,0,0,2026-09-29T14:22:26.073393+00:00,194,2026-09-29 14:22:24.316,10.899999999999977,5739.689778108552,7035.0,1,0.8,TWF_ToolWear(201min>=200min),0,1.1512,1.6974,0,-0.0573,-0.0,0,1,2026-09-29T14:28:26.613501+00:00,360540.10799999995
6502,M21361,M,300.9,310.0,1600,36.0,204,0,0,0,0,0,0,2026-09-29T14:22:26.103393+00:00,197,2026-09-29 14:22:24.316,9.100000000000023,6031.857894892402,7344.0,1,0.8,TWF_ToolWear(204min>=200min),0,0.7376,1.551,0,-0.1039,-0.0,0,1,2026-09-29T14:28:26.613501+00:00,360510.108
5591,M20450,M,302.5,311.9,1340,59.4,60,0,0,0,0,0,0,2026-09-29T14:22:26.133393+00:00,200,2026-09-29 14:22:24.316,9.399999999999977,8335.27362850444,3564.0,0,0.0,Normal operation,0,1.4223,2.0757,0,-0.0303,-0.0,0,0,2026-09-29T14:28:26.613501+00:00,360480.10799999995
8832,H38245,H,297.4,308.7,1726,26.8,158,0,0,0,0,0,0,2026-09-29T14:22:26.153393+00:00,202,2026-09-29 14:22:24.316,11.300000000000011,4844.000768619078,4234.400000000001,0,0.0,Normal operation,0,1.1785,1.3821,0,-0.079,-0.0,0,0,2026-09-29T14:28:26.613501+00:00,360460.108
8839,L56018,L,297.5,309.0,1320,54.7,179,0,0,0,0,0,0,2026-09-29T14:22:26.173393+00:00,204,2026-09-29 14:22:24.317,11.5,7561.185198659914,9791.300000000001,0,0.0,Normal operation,0,1.2792,1.5818,0,-0.0404,-0.0,0,0,2026-09-29T14:28:26.613501+00:00,360440.108
5069,M19928,M,304.3,313.3,1540,39.0,14,0,0,0,0,0,0,2026-09-29T14:22:26.203393+00:00,207,2026-09-29 14:22:24.317,9.0,6289.468492486765,546.0,0,0.0,Normal operation,0,1.3604,2.2301,0,-0.0246,-0.0,0,0,2026-09-29T14:28:26.613501+00:00,360410.108
3410,M18269,M,301.2,310.4,1697,30.0,120,0,0,0,0,0,0,2026-09-29T14:22:26.213393+00:00,208,2026-09-29 14:22:24.317,9.199999999999989,5331.282733141878,3600.0,0,0.0,Normal operation,0,0.7456,1.0137,0,-0.1243,-0.0,0,0,2026-09-29T14:28:26.613501+00:00,360400.108
6252,M21111,M,300.8,310.2,1598,36.5,195,0,0,0,0,0,0,2026-09-29T14:22:26.223393+00:00,209,2026-09-29 14:22:24.317,9.399999999999977,6107.989156864395,7117.5,0,0.0,Normal operation,0,0.634,1.4078,0,-0.126,-0.0,0,0,2026-09-29T14:28:26.613501+00:00,360390.108
6153,M21012,M,301.1,311.1,1592,35.7,174,0,0,0,0,0,0,2026-09-29T14:22:26.233393+00:00,210,2026-09-29 14:22:24.317,10.0,5951.684450372791,6211.8,0,0.0,Normal operation,0,0.5831,1.0738,0,-0.1308,-0.0,0,0,2026-09-29T14:28:26.613501+00:00,360380.108
198,M15057,M,298.4,308.6,1527,40.9,96,0,0,0,0,0,0,2026-09-29T14:22:26.253393+00:00,212,2026-09-29 14:22:24.318,10.200000000000045,6540.199002169767,3926.3999999999996,0,0.0,Normal operation,0,0.4899,0.941,0,-0.1553,-0.0,0,0,2026-09-29T14:28:26.613501+00:00,360360.108
1041,L48220,L,296.7,307.7,1502,43.9,84,0,0,0,0,0,0,2026-09-29T14:22:26.263393+00:00,213,2026-09-29 14:22:24.318,11.0,6904.990269129102,3687.6,0,0.0,Normal operation,0,0.9923,1.6471,0,-0.1157,-0.0,0,0,2026-09-29T14:28:26.613501+00:00,360350.10799999995
9686,L56865,L,299.0,310.0,1360,48.1,37,0,0,0,0,0,0,2026-09-29T14:22:26.273393+00:00,214,2026-09-29 14:22:24.318,11.0,6850.347500907663,1779.7,0,0.0,Normal operation,0,0.822,1.1057,0,-0.1129,-0.0,0,0,2026-09-29T14:28:26.613501+00:00,360340.108
6987,L54166,L,300.7,311.1,1688,30.7,161,0,0,0,0,0,0,2026-09-29T14:22:26.333393+00:00,220,2026-09-29 14:22:24.318,10.400000000000034,5426.74526190896,4942.7,0,0.0,Normal operation,0,0.745,0.9401,0,-0.1044,-0.0,0,0,2026-09-29T14:28:26.613501+00:00,360280.108
927,L48106,L,295.6,306.1,1372,55.6,215,1,0,0,0,1,0,2026-09-29T14:22:26.353393+00:00,222,2026-09-29 14:22:24.318,10.5,7988.358023744029,11954.0,1,0.9,TWF_ToolWear(215min>=200min); OSF_Overstrain(11954>11000),0,1.7611,2.6278,1,0.07,-0.0,1,1,2026-09-29T14:28:26.613501+00:00,360260.108
3802,M18661,M,302.2,310.9,1771,27.6,54,0,0,0,0,0,0,2026-09-29T14:22:26.363393+00:00,223,2026-09-29 14:22:24.318,8.699999999999989,5118.659742346922,1490.4,0,0.0,Normal operation,0,1.122,1.3631,0,-0.0718,-0.0,0,0,2026-09-29T14:28:26.613501+00:00,360250.108
9386,M24245,M,297.5,308.1,1907,23.5,125,0,0,0,0,0,0,2026-09-29T14:22:26.393393+00:00,226,2026-09-29 14:22:24.319,10.600000000000023,4692.963465809992,2937.5,0,0.0,Normal operation,0,1.3906,2.1681,0,-0.0545,-0.0,0,0,2026-09-29T14:28:26.613501+00:00,360220.108
5366,L52545,L,303.1,312.6,1548,36.4,150,0,0,0,0,0,0,2026-09-29T14:22:26.403393+00:00,227,2026-09-29 14:22:24.319,9.5,5900.6649856784925,5460.0,0,0.0,Normal operation,0,0.9679,1.7578,0,-0.0968,-0.0,0,0,2026-09-29T14:28:26.613501+00:00,360210.108
9674,M24533,M,299.0,310.1,1593,35.4,5,0,0,0,0,0,0,2026-09-29T14:22:26.423393+00:00,229,2026-09-29 14:22:24.319,11.100000000000023,5905.377374658877,177.0,0,0.0,Normal operation,0,0.7976,1.6147,0,-0.1038,-0.0,0,0,2026-09-29T14:28:26.613501+00:00,360190.108
9507,H38920,H,299.3,310.4,1548,41.6,25,0,0,0,0,0,0,2026-09-29T14:22:26.453393+00:00,232,2026-09-29 14:22:24.319,11.099999999999966,6743.617126489707,1040.0,0,0.0,Normal operation,0,0.6914,1.2966,0,-0.1176,-0.0,0,0,2026-09-29T14:28:26.613501+00:00,360160.108
4862,L52041,L,303.5,312.3,1946,21.1,112,0,0,0,0,0,0,2026-09-29T14:22:26.483393+00:00,235,2026-09-29 14:22:24.319,8.800000000000011,4299.855977066302,2363.2000000000003,0,0.0,Normal operation,0,1.7045,2.3989,0,-0.005,-0.0,0,0,2026-09-29T14:28:26.613501+00:00,360130.108
2809,L49988,L,299.9,309.3,1471,41.8,109,0,0,0,0,0,0,2026-09-29T14:22:26.503393+00:00,237,2026-09-29 14:22:24.320,9.400000000000034,6438.987358846615,4556.2,0,0.0,Normal operation,0,0.3537,0.6293,0,-0.156,-0.0,0,0,2026-09-29T14:28:26.613501+00:00,360110.108
589,L47768,L,297.6,309.4,1628,33.4,229,0,0,0,0,0,0,2026-09-29T14:22:26.513393+00:00,238,2026-09-29 14:22:24.320,11.799999999999955,5694.157628582523,7648.599999999999,1,0.8,TWF_ToolWear(229min>=200min),0,1.1725,1.9487,0,-0.0359,-0.0,0,1,2026-09-29T14:28:26.613501+00:00,360100.10799999995
7859,L55038,L,300.5,311.9,1350,51.7,18,0,0,0,0,0,0,2026-09-29T14:22:26.523393+00:00,239,2026-09-29 14:22:24.320,11.399999999999977,7308.915308576653,930.6,0,0.0,Normal operation,0,1.1726,1.4079,0,-0.0633,-0.0,0,0,2026-09-29T14:28:26.613501+00:00,360090.108
3007,L50186,L,300.4,309.7,1488,35.7,177,0,0,0,0,0,0,2026-09-29T14:22:26.533393+00:00,240,2026-09-29 14:22:24.321,9.300000000000011,5562.880943564519,6318.900000000001,0,0.0,Normal operation,0,0.6095,1.1215,0,-0.1319,-0.0,0,0,2026-09-29T14:28:26.613501+00:00,360080.108
7011,M21870,M,300.5,310.5,1469,42.9,14,0,0,0,0,0,0,2026-09-29T14:22:26.543393+00:00,241,2026-09-29 14:22:24.321,10.0,6599.44943961647,600.6,0,0.0,Normal operation,0,0.629,1.4716,0,-0.1214,-0.0,0,0,2026-09-29T14:28:26.613501+00:00,360070.108
3656,L50835,L,302.1,311.4,1686,30.9,106,0,0,0,0,0,0,2026-09-29T14:22:26.563393+00:00,243,2026-09-29 14:22:24.321,9.299999999999955,5455.626970370962,3275.3999999999996,0,0.0,Normal operation,0,0.8255,1.0701,0,-0.1157,-0.0,0,0,2026-09-29T14:28:26.613501+00:00,360050.108
8391,M23250,M,298.8,309.8,1288,61.9,79,0,0,0,0,0,0,2026-09-29T14:22:26.593393+00:00,246,2026-09-29 14:22:24.322,11.0,8349.012860376139,4890.099999999999,0,0.0,Normal operation,0,1.3902,2.3384,0,-0.0369,-0.0,0,0,2026-09-29T14:28:26.613501+00:00,360020.108
1025,L48204,L,296.2,307.3,1711,29.9,42,0,0,0,0,0,0,2026-09-29T14:22:26.623393+00:00,249,2026-09-29 14:22:24.323,11.100000000000023,5357.347480191162,1255.8,0,0.0,Normal operation,0,1.3087,1.8987,0,-0.0281,-0.0,0,0,2026-09-29T14:28:26.613501+00:00,359990.108
576,M15435,M,297.9,309.9,1410,55.4,188,0,0,0,0,0,0,2026-09-29T14:22:26.633393+00:00,250,2026-09-29 14:22:24.323,12.0,8180.078951417103,10415.199999999999,0,0.0,Normal operation,0,1.4015,2.0036,1,0.002,-0.0,0,1,2026-09-29T14:28:26.613501+00:00,359980.10799999995
1679,L48858,L,298.0,307.5,1644,32.8,215,0,0,0,0,0,0,2026-09-29T14:22:26.673393+00:00,254,2026-09-29 14:22:24.323,9.5,5646.824299268437,7051.999999999999,1,0.8,TWF_ToolWear(215min>=200min),0,1.0901,1.726,0,-0.0558,-0.0,0,1,2026-09-29T14:28:26.613501+00:00,359940.108
9068,L56247,L,297.1,308.2,1351,56.6,126,0,0,0,0,0,0,2026-09-29T14:22:26.693393+00:00,256,2026-09-29 14:22:24.324,11.099999999999966,8007.563626832976,7131.6,0,0.0,Normal operation,0,1.3248,1.7815,0,-0.05,-0.0,0,0,2026-09-29T14:28:26.613501+00:00,359920.108
914,L48093,L,295.5,306.0,1621,29.5,176,0,0,0,0,0,0,2026-09-29T14:22:26.723393+00:00,259,2026-09-29 14:22:24.324,10.5,5007.64632994457,5192.0,0,0.0,Normal operation,0,1.5419,2.6953,1,0.0014,-0.0,0,1,2026-09-29T14:28:26.613501+00:00,359890.108
3744,L50923,L,302.5,311.4,1759,24.6,124,0,0,0,0,0,0,2026-09-29T14:22:26.743393+00:00,261,2026-09-29 14:22:24.324,8.899999999999977,4531.370411684846,3050.4,0,0.0,Normal operation,0,1.2483,1.69,0,-0.0647,-0.0,0,0,2026-09-29T14:28:26.613501+00:00,359870.108
8532,L55711,L,298.6,309.3,1449,46.5,26,0,0,0,0,0,0,2026-09-29T14:22:26.793393+00:00,266,2026-09-29 14:22:24.324,10.699999999999989,7055.860020329996,1209.0,0,0.0,Normal operation,0,0.7798,1.2807,0,-0.1351,-0.0,0,0,2026-09-29T14:28:26.613501+00:00,359820.108
9894,M24753,M,298.9,309.6,1284,55.3,166,0,0,0,0,0,0,2026-09-29T14:22:26.843393+00:00,271,2026-09-29 14:22:24.325,10.700000000000045,7435.647156222465,9179.8,0,0.0,Normal operation,0,1.0767,1.6449,0,-0.0563,-0.0,0,0,2026-09-29T14:28:26.613501+00:00,359770.108
211,L47390,L,298.4,308.7,1523,36.1,126,0,0,0,0,0,0,2026-09-29T14:22:26.853393+00:00,272,2026-09-29 14:22:24.325,10.300000000000011,5757.523552405431,4548.6,0,0.0,Normal operation,0,0.5276,0.8736,0,-0.1557,-0.0,0,0,2026-09-29T14:28:26.613501+00:00,359760.108
7410,L54589,L,299.8,310.9,2084,17.6,175,0,0,0,0,0,0,2026-09-29T14:22:26.883393+00:00,275,2026-09-29 14:22:24.325,11.099999999999966,3840.953066180929,3080.0000000000005,0,0.0,Normal operation,1,1.855,3.2158,1,0.0303,-0.0,1,1,2026-09-29T14:28:26.613501+00:00,359730.10799999995
410,L47589,L,297.4,308.6,1459,41.3,196,0,0,0,0,0,0,2026-09-29T14:22:26.933393+00:00,280,2026-09-29 14:22:24.326,11.200000000000045,6310.066868318802,8094.799999999999,0,0.0,Normal operation,0,0.9473,1.4237,0,-0.1054,-0.0,0,0,2026-09-29T14:28:26.613501+00:00,359680.108
2986,L50165,L,300.7,309.8,1596,31.5,123,0,0,0,0,0,0,2026-09-29T14:22:26.963393+00:00,283,2026-09-29 14:22:24.326,9.100000000000023,5264.680968885775,3874.5,0,0.0,Normal operation,0,0.64,0.9677,0,-0.1454,-0.0,0,0,2026-09-29T14:28:26.613501+00:00,359650.108
8506,L55685,L,298.4,309.7,1530,38.6,161,0,0,0,0,0,0,2026-09-29T14:22:26.983393+00:00,285,2026-09-29 14:22:24.326,11.300000000000011,6184.539297856866,6214.6,0,0.0,Normal operation,0,0.667,1.2947,0,-0.1398,-0.0,0,0,2026-09-29T14:28:26.613501+00:00,359630.108
9855,H39268,H,298.6,309.4,1362,45.3,56,0,0,0,0,0,0,2026-09-29T14:22:27.043393+00:00,291,2026-09-29 14:22:24.326,10.799999999999955,6461.06228322584,2536.7999999999997,0,0.0,Normal operation,0,0.6992,1.0578,0,-0.1351,-0.0,0,0,2026-09-29T14:28:26.613501+00:00,359570.108
8085,L55264,L,300.2,311.4,1483,44.4,141,0,0,0,0,0,0,2026-09-29T14:22:27.073393+00:00,294,2026-09-29 14:22:24.327,11.199999999999989,6895.293219805021,6260.4,0,0.0,Normal operation,0,0.698,1.1934,0,-0.1213,-0.0,0,0,2026-09-29T14:28:26.613501+00:00,359540.10799999995
6307,L53486,L,301.0,310.4,1563,34.4,124,0,0,0,0,0,0,2026-09-29T14:22:27.113393+00:00,298,2026-09-29 14:22:24.327,9.399999999999977,5630.48801746977,4265.599999999999,0,0.0,Normal operation,0,0.4638,0.6293,0,-0.1608,-0.0,0,0,2026-09-29T14:28:26.613501+00:00,359500.108
2384,L49563,L,299.1,308.2,1568,33.3,123,0,0,0,0,0,0,2026-09-29T14:22:27.123393+00:00,299,2026-09-29 14:22:24.327,9.099999999999966,5467.879181719963,4095.8999999999996,0,0.0,Normal operation,0,0.723,1.2109,0,-0.1263,-0.0,0,0,2026-09-29T14:28:26.613501+00:00,359490.108
460,L47639,L,297.4,308.6,1476,42.3,107,0,0,0,0,0,0,2026-09-29T14:22:27.133393+00:00,300,2026-09-29 14:22:24.327,11.200000000000045,6538.156966944933,4526.099999999999,0,0.0,Normal operation,0,0.7831,1.2949,0,-0.147,-0.0,0,0,2026-09-29T14:28:26.613501+00:00,359480.10799999995
1252,M16111,M,297.4,308.8,1359,48.7,220,0,0,0,0,0,0,2026-09-29T14:22:27.143393+00:00,301,2026-09-29 14:22:24.327,11.400000000000034,6930.6989690109785,10714.0,1,0.8,TWF_ToolWear(220min>=200min),0,1.1982,1.8055,0,-0.0276,-0.0,0,1,2026-09-29T14:28:26.613501+00:00,359470.108
8352,M23211,M,298.7,309.6,1686,26.2,189,0,0,0,0,0,0,2026-09-29T14:22:27.223393+00:00,309,2026-09-29 14:22:24.328,10.900000000000034,4625.806686851754,4951.8,0,0.0,Normal operation,0,1.0877,1.597,0,-0.0773,-0.0,0,0,2026-09-29T14:28:26.613501+00:00,359390.108
9287,L56466,L,298.2,308.9,1605,32.0,79,0,0,0,0,0,0,2026-09-29T14:22:27.233393+00:00,310,2026-09-29 14:22:24.328,10.699999999999989,5378.406622945726,2528.0,0,0.0,Normal operation,0,0.7099,0.8923,0,-0.1395,-0.0,0,0,2026-09-29T14:28:26.613501+00:00,359380.108
9714,L56893,L,299.1,310.2,1496,45.0,104,0,0,0,0,0,0,2026-09-29T14:22:27.243393+00:00,311,2026-09-29 14:22:24.328,11.099999999999966,7049.733914655495,4680.0,0,0.0,Normal operation,0,0.5877,1.0922,0,-0.1358,-0.0,0,0,2026-09-29T14:28:26.613501+00:00,359370.108
3992,L51171,L,302.3,311.3,1682,34.4,127,0,0,0,0,0,0,2026-09-29T14:22:27.253393+00:00,312,2026-09-29 14:22:24.328,9.0,6059.16880702761,4368.8,0,0.0,Normal operation,0,0.7892,1.1708,0,-0.1033,-0.0,0,0,2026-09-29T14:28:26.613501+00:00,359360.108
6355,L53534,L,300.1,309.6,1565,34.8,32,0,0,0,0,0,0,2026-09-29T14:22:27.273393+00:00,314,2026-09-29 14:22:24.328,9.5,5703.24730332691,1113.6,0,0.0,Normal operation,0,0.5764,1.1852,0,-0.1362,-0.0,0,0,2026-09-29T14:28:26.613501+00:00,359340.108
5292,L52471,L,303.8,313.3,1406,52.1,166,0,0,0,0,0,0,2026-09-29T14:22:27.283393+00:00,315,2026-09-29 14:22:24.329,9.5,7670.99433387839,8648.6,0,0.0,Normal operation,0,1.4228,2.2301,0,-0.0364,-0.0,0,0,2026-09-29T14:28:26.613501+00:00,359330.108
941,L48120,L,295.6,306.2,1443,48.9,33,0,0,0,0,0,0,2026-09-29T14:22:27.293393+00:00,316,2026-09-29 14:22:24.329,10.599999999999966,7389.308664582016,1613.7,0,0.0,Normal operation,0,1.4954,2.5603,0,-0.0042,-0.0,0,0,2026-09-29T14:28:26.613501+00:00,359320.108
3456,H32869,H,301.4,310.3,1611,41.5,11,0,0,0,0,0,0,2026-09-29T14:22:27.303393+00:00,317,2026-09-29 14:22:24.329,8.900000000000034,7001.196308157533,456.5,0,0.0,Normal operation,0,0.8382,1.5193,0,-0.0856,-0.0,0,0,2026-09-29T14:28:26.613501+00:00,359310.108
7232,L54411,L,299.8,309.9,1553,36.6,157,0,0,0,0,0,0,2026-09-29T14:22:27.313393+00:00,318,2026-09-29 14:22:24.330,10.099999999999966,5952.249937050437,5746.2,0,0.0,Normal operation,0,0.3496,0.8033,0,-0.1488,-0.0,0,0,2026-09-29T14:28:26.613501+00:00,359300.108
14,M14873,M,298.6,309.2,1742,30.0,37,0,0,0,0,0,0,2026-09-29T14:22:27.393393+00:00,326,2026-09-29 14:22:24.331,10.599999999999966,5472.6544025534195,1110.0,0,0.0,Normal operation,0,0.8751,1.1914,0,-0.0896,-0.0,0,0,2026-09-29T14:28:26.613501+00:00,359220.108
1915,L49094,L,298.0,307.7,1643,32.3,200,0,0,0,0,0,0,2026-09-29T14:22:27.443393+00:00,331,2026-09-29 14:22:24.332,9.699999999999989,5557.362212469711,6459.999999999999,1,0.8,TWF_ToolWear(200min>=200min),0,1.0089,1.5483,0,-0.0859,-0.0,0,1,2026-09-29T14:28:26.613501+00:00,359170.108
3815,M18674,M,302.1,310.6,1326,59.1,88,1,0,1,0,0,0,2026-09-29T14:22:27.553393+00:00,342,2026-09-29 14:22:24.332,8.5,8206.53116156033,5200.8,1,0.85,"HDF_Rule(temp_diff=8.5K<8.6K,speed=1326<1380)",0,1.3779,2.0442,0,-0.0439,-0.0,0,1,2026-09-29T14:28:26.613501+00:00,359060.108
6344,L53523,L,300.2,309.8,1827,23.0,6,0,0,0,0,0,0,2026-09-29T14:22:27.563393+00:00,343,2026-09-29 14:22:24.332,9.600000000000023,4400.428829883223,138.0,0,0.0,Normal operation,0,1.3098,1.8189,0,-0.0318,-0.0,0,0,2026-09-29T14:28:26.613501+00:00,359050.108
6861,L54040,L,301.1,311.2,1910,20.2,41,0,0,0,0,0,0,2026-09-29T14:22:27.573393+00:00,344,2026-09-29 14:22:24.332,10.099999999999966,4040.297592026713,828.1999999999999,0,0.0,Normal operation,0,1.5002,2.1859,0,-0.0047,-0.0,0,0,2026-09-29T14:28:26.613501+00:00,359040.10799999995
2865,H32278,H,300.6,309.4,1380,47.6,246,1,1,0,0,0,0,2026-09-29T14:22:27.593393+00:00,346,2026-09-29 14:22:24.332,8.799999999999955,6878.831274300211,11709.6,1,0.8,TWF_ToolWear(246min>=200min),0,1.1152,2.2192,0,-0.0154,-0.0,0,1,2026-09-29T14:28:26.613501+00:00,359020.108
5324,M20183,M,303.4,312.7,1399,48.4,34,0,0,0,0,0,0,2026-09-29T14:22:27.603393+00:00,347,2026-09-29 14:22:24.333,9.300000000000011,7090.7421707603535,1645.6,0,0.0,Normal operation,0,1.2194,1.8252,0,-0.0735,-0.0,0,0,2026-09-29T14:28:26.613501+00:00,359010.108
5484,M20343,M,302.6,312.1,2000,21.9,200,0,0,0,0,0,0,2026-09-29T14:22:27.653393+00:00,352,2026-09-29 14:22:24.333,9.5,4586.725274241097,4380.0,1,0.8,TWF_ToolWear(200min>=200min),0,1.6818,2.7186,1,0.0222,-0.0,1,1,2026-09-29T14:28:26.613501+00:00,358960.108
8312,M23171,M,298.8,310.0,1295,52.7,74,0,0,0,0,0,0,2026-09-29T14:22:27.663393+00:00,353,2026-09-29 14:22:24.333,11.199999999999989,7146.75676777386,3899.8,0,0.0,Normal operation,0,0.9872,1.4544,0,-0.0943,-0.0,0,0,2026-09-29T14:28:26.613501+00:00,358950.108
4626,L51805,L,303.0,311.2,1511,45.7,184,0,0,0,0,0,0,2026-09-29T14:22:27.673393+00:00,354,2026-09-29 14:22:24.333,8.199999999999989,7231.18183435133,8408.800000000001,0,0.0,Normal operation,0,1.1512,1.8445,0,-0.0447,-0.0,0,0,2026-09-29T14:28:26.613501+00:00,358940.108
7973,L55152,L,301.1,312.2,1397,54.9,81,0,0,0,0,0,0,2026-09-29T14:22:27.703393+00:00,357,2026-09-29 14:22:24.333,11.099999999999966,8031.513034828842,4446.9,0,0.0,Normal operation,0,1.2115,1.7573,0,-0.0585,-0.0,0,0,2026-09-29T14:28:26.613501+00:00,358910.108
5680,M20539,M,302.2,311.7,1466,49.0,66,0,0,0,0,0,0,2026-09-29T14:22:27.713393+00:00,358,2026-09-29 14:22:24.333,9.5,7522.43888926564,3234.0,0,0.0,Normal operation,0,0.9267,1.2559,0,-0.1085,-0.0,0,0,2026-09-29T14:28:26.613501+00:00,358900.108
5357,H34770,H,303.3,312.6,1692,29.0,125,0,0,0,0,0,0,2026-09-29T14:22:27.863393+00:00,373,2026-09-29 14:22:24.334,9.300000000000011,5138.388944211465,3625.0,0,0.0,Normal operation,0,1.1807,1.7578,0,-0.0643,-0.0,0,0,2026-09-29T14:28:26.613501+00:00,358750.108
960,L48139,L,295.8,306.5,1505,35.2,86,0,0,0,0,0,0,2026-09-29T14:22:27.893393+00:00,376,2026-09-29 14:22:24.335,10.699999999999989,5547.633747219096,3027.2000000000003,0,0.0,Normal operation,0,1.2698,2.3579,0,-0.0514,-0.0,0,0,2026-09-29T14:28:26.613501+00:00,358720.108
9348,M24207,M,298.2,308.7,1426,42.6,23,0,0,0,0,0,0,2026-09-29T14:22:27.913393+00:00,378,2026-09-29 14:22:24.335,10.5,6361.473796107043,979.8000000000001,0,0.0,Normal operation,0,0.768,1.3284,0,-0.1214,-0.0,0,0,2026-09-29T14:28:26.613501+00:00,358700.108
8643,M23502,M,297.5,308.4,1596,36.6,80,0,0,0,0,0,0,2026-09-29T14:22:27.933393+00:00,380,2026-09-29 14:22:24.335,10.899999999999977,6117.057887657758,2928.0,0,0.0,Normal operation,0,0.7466,1.2445,0,-0.1398,-0.0,0,0,2026-09-29T14:28:26.613501+00:00,358680.108
3128,L50307,L,300.0,309.5,1717,28.3,48,0,0,0,0,0,0,2026-09-29T14:22:27.943393+00:00,381,2026-09-29 14:22:24.335,9.5,5088.4480929948995,1358.4,0,0.0,Normal operation,0,0.851,1.1923,0,-0.1085,-0.0,0,0,2026-09-29T14:28:26.613501+00:00,358670.108
7432,M22291,M,300.0,311.4,1352,61.8,10,0,0,0,0,0,0,2026-09-29T14:22:27.953393+00:00,382,2026-09-29 14:22:24.335,11.399999999999977,8749.712531366004,618.0,0,0.0,Normal operation,0,1.6011,2.4646,1,0.006,-0.0,0,1,2026-09-29T14:28:26.613501+00:00,358660.108
8135,L55314,L,299.7,311.1,1650,32.4,60,0,0,0,0,0,0,2026-09-29T14:22:28.043393+00:00,391,2026-09-29 14:22:24.336,11.400000000000034,5598.318108697011,1944.0,0,0.0,Normal operation,0,0.7998,1.396,0,-0.1016,-0.0,0,0,2026-09-29T14:28:26.613501+00:00,358570.108
1979,L49158,L,298.0,307.7,1442,43.6,148,0,0,0,0,0,0,2026-09-29T14:22:28.053393+00:00,392,2026-09-29 14:22:24.336,9.699999999999989,6583.856668079154,6452.8,0,0.0,Normal operation,0,0.8061,1.5483,0,-0.1387,-0.0,0,0,2026-09-29T14:28:26.613501+00:00,358560.108
2626,L49805,L,299.7,309.4,1399,39.9,91,0,0,0,0,0,0,2026-09-29T14:22:28.093393+00:00,396,2026-09-29 14:22:24.336,9.699999999999989,5845.4672027549195,3630.9,0,0.0,Normal operation,0,0.4154,0.8388,0,-0.145,-0.0,0,0,2026-09-29T14:28:26.613501+00:00,358520.108
1070,M15929,M,296.9,307.8,1840,24.6,157,0,0,0,0,0,0,2026-09-29T14:22:28.103393+00:00,397,2026-09-29 14:22:24.336,10.900000000000034,4740.03499573628,3862.2000000000003,0,0.0,Normal operation,0,1.4073,1.7715,0,-0.0461,-0.0,0,0,2026-09-29T14:28:26.613501+00:00,358510.108
5524,M20383,M,302.5,311.9,1524,34.8,86,0,0,0,0,0,0,2026-09-29T14:22:28.123393+00:00,399,2026-09-29 14:22:24.336,9.399999999999977,5553.833156722179,2992.7999999999997,0,0.0,Normal operation,0,0.8024,1.2855,0,-0.129,-0.0,0,0,2026-09-29T14:28:26.613501+00:00,358490.108
1528,H30941,H,298.1,309.1,1425,44.5,49,0,0,0,0,0,0,2026-09-29T14:22:28.173393+00:00,404,2026-09-29 14:22:24.337,11.0,6640.541471525425,2180.5,0,0.0,Normal operation,0,0.7513,0.9909,0,-0.1424,-0.0,0,0,2026-09-29T14:28:26.613501+00:00,358440.108
7541,M22400,M,300.2,311.3,1587,31.2,73,0,0,0,0,0,0,2026-09-29T14:22:28.183393+00:00,405,2026-09-29 14:22:24.338,11.100000000000023,5185.1358428968815,2277.6,0,0.0,Normal operation,0,0.7767,1.0922,0,-0.1133,-0.0,0,0,2026-09-29T14:28:26.613501+00:00,358430.108
9283,M24142,M,298.2,308.9,1414,44.3,68,0,0,0,0,0,0,2026-09-29T14:22:28.213393+00:00,408,2026-09-29 14:22:24.338,10.699999999999989,6559.666404646511,3012.3999999999996,0,0.0,Normal operation,0,0.6639,0.8923,0,-0.153,-0.0,0,0,2026-09-29T14:28:26.613501+00:00,358400.108
3649,M18508,M,302.2,311.5,1443,47.0,90,0,0,0,0,0,0,2026-09-29T14:22:28.223393+00:00,409,2026-09-29 14:22:24.339,9.300000000000011,7102.198511970445,4230.0,0,0.0,Normal operation,0,0.8045,1.1205,0,-0.1227,-0.0,0,0,2026-09-29T14:28:26.613501+00:00,358390.108
1897,L49076,L,297.9,307.5,1574,35.8,153,0,0,0,0,0,0,2026-09-29T14:22:28.253393+00:00,412,2026-09-29 14:22:24.339,9.600000000000023,5900.874425188732,5477.4,0,0.0,Normal operation,0,0.8426,1.6832,0,-0.123,-0.0,0,0,2026-09-29T14:28:26.613501+00:00,358360.108
4811,M19670,M,303.4,312.1,1499,39.4,197,0,0,0,0,0,0,2026-09-29T14:22:28.283393+00:00,415,2026-09-29 14:22:24.340,8.700000000000045,6184.811569220177,7761.799999999999,0,0.0,Normal operation,0,1.1288,1.7243,0,-0.0855,-0.0,0,0,2026-09-29T14:28:26.613501+00:00,358330.108
8694,M23553,M,297.2,308.5,1584,40.0,4,0,0,0,0,0,0,2026-09-29T14:22:28.303393+00:00,417,2026-09-29 14:22:24.340,11.300000000000011,6635.043684381642,160.0,0,0.0,Normal operation,0,1.036,1.6307,0,-0.0784,-0.0,0,0,2026-09-29T14:28:26.613501+00:00,358310.108
2609,L49788,L,299.5,309.3,1409,44.7,46,0,0,0,0,0,0,2026-09-29T14:22:28.313393+00:00,418,2026-09-29 14:22:24.341,9.800000000000011,6595.4910328729475,2056.2000000000003,0,0.0,Normal operation,0,0.5683,0.9625,0,-0.1426,-0.0,0,0,2026-09-29T14:28:26.613501+00:00,358300.108
1905,M16764,M,298.0,307.6,1569,35.6,173,0,0,0,0,0,0,2026-09-29T14:22:28.323393+00:00,419,2026-09-29 14:22:24.341,9.600000000000023,5849.268529865764,6158.8,0,0.0,Normal operation,0,0.8669,1.6157,0,-0.1167,-0.0,0,0,2026-09-29T14:28:26.613501+00:00,358290.10799999995
4256,M19115,M,302.5,311.0,1387,52.1,116,0,0,0,0,0,0,2026-09-29T14:22:28.343393+00:00,421,2026-09-29 14:22:24.341,8.5,7567.332248285437,6043.6,0,0.0,Normal operation,0,1.1151,1.5407,0,-0.0853,-0.0,0,0,2026-09-29T14:28:26.613501+00:00,358270.108
4292,L51471,L,301.8,310.0,2032,19.0,203,0,0,0,0,0,0,2026-09-29T14:22:28.403393+00:00,427,2026-09-29 14:22:24.341,8.199999999999989,4043.0203056598243,3857.0,1,0.8,TWF_ToolWear(203min>=200min),0,1.8701,2.908,1,0.0371,-0.0,1,1,2026-09-29T14:28:26.613501+00:00,358210.108
983,L48162,L,296.2,306.9,1516,39.1,138,0,0,0,0,0,0,2026-09-29T14:22:28.423393+00:00,429,2026-09-29 14:22:24.341,10.699999999999989,6207.326316570904,5395.8,0,0.0,Normal operation,0,1.1158,2.088,0,-0.0717,-0.0,0,0,2026-09-29T14:28:26.613501+00:00,358190.108
8897,L56076,L,297.4,308.7,1638,31.9,131,0,0,0,0,0,0,2026-09-29T14:22:28.453393+00:00,432,2026-09-29 14:22:24.342,11.300000000000011,5471.837588463486,4178.9,0,0.0,Normal operation,0,0.9138,1.2949,0,-0.121,-0.0,0,0,2026-09-29T14:28:26.613501+00:00,358160.108
3460,L50639,L,301.5,310.4,1270,54.2,26,0,0,0,0,0,0,2026-09-29T14:22:28.473393+00:00,434,2026-09-29 14:22:24.342,8.899999999999977,7208.27962390666,1409.2,0,0.0,Normal operation,0,1.1586,1.6024,0,-0.0683,-0.0,0,0,2026-09-29T14:28:26.613501+00:00,358140.108
4029,L51208,L,302.0,310.9,1455,43.2,220,0,0,0,0,0,0,2026-09-29T14:22:28.503393+00:00,437,2026-09-29 14:22:24.342,8.899999999999977,6582.264927801335,9504.0,1,0.8,TWF_ToolWear(220min>=200min),0,0.9613,1.8055,0,-0.0636,-0.0,0,1,2026-09-29T14:28:26.613501+00:00,358110.108
7663,M22522,M,300.5,311.6,1658,30.4,170,0,0,0,0,0,0,2026-09-29T14:22:28.553393+00:00,442,2026-09-29 14:22:24.342,11.100000000000023,5278.210761247235,5168.0,0,0.0,Normal operation,0,0.9098,1.0922,0,-0.0941,-0.0,0,0,2026-09-29T14:28:26.613501+00:00,358060.108
2661,L49840,L,299.8,309.3,1291,56.4,188,0,0,0,0,0,0,2026-09-29T14:22:28.563393+00:00,443,2026-09-29 14:22:24.342,9.5,7624.896697674714,10603.199999999999,0,0.0,Normal operation,0,1.1534,1.7604,0,-0.0359,-0.0,0,0,2026-09-29T14:28:26.613501+00:00,358050.108
7731,L54910,L,300.6,311.9,1472,44.2,126,0,0,0,0,0,0,2026-09-29T14:22:28.593393+00:00,446,2026-09-29 14:22:24.343,11.299999999999955,6813.318595497351,5569.200000000001,0,0.0,Normal operation,0,0.7773,1.2947,0,-0.1219,-0.0,0,0,2026-09-29T14:28:26.613501+00:00,358020.108
2989,M17848,M,300.6,309.8,1532,42.5,130,0,0,0,0,0,0,2026-09-29T14:22:28.643393+00:00,451,2026-09-29 14:22:24.343,9.199999999999989,6818.303255841048,5525.0,0,0.0,Normal operation,0,0.4403,0.8318,0,-0.1541,-0.0,0,0,2026-09-29T14:28:26.613501+00:00,357970.108
4137,L51316,L,301.7,310.1,1487,48.0,36,0,0,0,0,0,0,2026-09-29T14:22:28.653393+00:00,452,2026-09-29 14:22:24.343,8.400000000000034,7474.4772414208355,1728.0,0,0.0,Normal operation,0,1.0033,1.6419,0,-0.0761,-0.0,0,0,2026-09-29T14:28:26.613501+00:00,357960.108
974,L48153,L,295.9,306.6,1679,30.4,117,0,0,0,0,0,0,2026-09-29T14:22:28.693393+00:00,456,2026-09-29 14:22:24.343,10.700000000000045,5345.063852915626,3556.7999999999997,0,0.0,Normal operation,0,1.3283,2.2904,0,-0.0334,-0.0,0,0,2026-09-29T14:28:26.613501+00:00,357920.108
5418,L52597,L,302.6,312.4,1386,45.8,38,0,0,0,0,0,0,2026-09-29T14:22:28.713393+00:00,458,2026-09-29 14:22:24.344,9.799999999999955,6647.484391289858,1740.3999999999999,0,0.0,Normal operation,0,1.0022,1.6228,0,-0.0917,-0.0,0,0,2026-09-29T14:28:26.613501+00:00,357900.108
7503,H36916,H,300.3,311.7,1655,29.9,193,0,0,0,0,0,0,2026-09-29T14:22:28.753393+00:00,462,2026-09-29 14:22:24.344,11.399999999999977,5182.004722218804,5770.7,0,0.0,Normal operation,0,1.0556,1.396,0,-0.0835,-0.0,0,0,2026-09-29T14:28:26.613501+00:00,357860.108
5560,M20419,M,302.5,312.0,1451,43.2,189,0,0,0,0,0,0,2026-09-29T14:22:28.773393+00:00,464,2026-09-29 14:22:24.344,9.5,6564.169354116658,8164.8,0,0.0,Normal operation,0,0.9233,1.353,0,-0.1024,-0.0,0,0,2026-09-29T14:28:26.613501+00:00,357840.108
6745,M21604,M,301.7,311.0,1298,58.1,168,0,0,0,0,0,0,2026-09-29T14:22:28.783393+00:00,465,2026-09-29 14:22:24.344,9.300000000000011,7897.314668642998,9760.800000000001,0,0.0,Normal operation,0,1.2633,1.9391,0,-0.0384,-0.0,0,0,2026-09-29T14:28:26.613501+00:00,357830.108
4677,L51856,L,303.4,311.5,1879,21.3,78,0,0,0,0,0,0,2026-09-29T14:22:28.833393+00:00,470,2026-09-29 14:22:24.344,8.100000000000023,4191.1673432276075,1661.4,0,0.0,Normal operation,0,1.6828,2.025,1,0.0024,-0.0,0,1,2026-09-29T14:28:26.613501+00:00,357780.108
8248,L55427,L,299.0,310.4,1713,28.0,116,0,0,0,0,0,0,2026-09-29T14:22:28.843393+00:00,471,2026-09-29 14:22:24.344,11.399999999999977,5022.778334559361,3248.0,0,0.0,Normal operation,0,0.9471,1.396,0,-0.0905,-0.0,0,0,2026-09-29T14:28:26.613501+00:00,357770.108
4589,L51768,L,302.8,311.0,1564,38.5,85,0,0,0,0,0,0,2026-09-29T14:22:28.863393+00:00,473,2026-09-29 14:22:24.345,8.199999999999989,6305.595334775193,3272.5,0,0.0,Normal operation,0,0.9288,1.8445,0,-0.0934,-0.0,0,0,2026-09-29T14:28:26.613501+00:00,357750.108
9811,L56990,L,298.1,309.0,1502,40.9,153,0,0,0,0,0,0,2026-09-29T14:22:28.873393+00:00,474,2026-09-29 14:22:24.345,10.899999999999977,6433.123052559914,6257.7,0,0.0,Normal operation,0,0.6303,0.9426,0,-0.1462,-0.0,0,0,2026-09-29T14:28:26.613501+00:00,357740.108
9039,L56218,L,297.3,308.3,2358,14.9,49,0,0,0,0,0,0,2026-09-29T14:22:28.963393+00:00,483,2026-09-29 14:22:24.347,11.0,3679.2448203251506,730.1,0,0.0,Normal operation,1,2.4348,4.8376,1,0.0833,-0.0,1,1,2026-09-29T14:28:26.613501+00:00,357650.108
882,L48061,L,295.7,306.2,1464,46.2,92,0,0,0,0,0,0,2026-09-29T14:22:28.993393+00:00,486,2026-09-29 14:22:24.348,10.5,7082.909133077404,4250.400000000001,0,0.0,Normal operation,0,1.3536,2.5603,0,-0.0427,-0.0,0,0,2026-09-29T14:28:26.613501+00:00,357620.108
1346,L48525,L,298.5,310.0,1804,26.1,22,0,0,0,0,0,0,2026-09-29T14:22:29.023393+00:00,489,2026-09-29 14:22:24.348,11.5,4930.666837956109,574.2,0,0.0,Normal operation,0,1.2384,1.5584,0,-0.0475,-0.0,0,0,2026-09-29T14:28:26.613501+00:00,357590.108
505,M15364,M,297.6,309.3,1529,41.9,3,0,0,0,0,0,0,2026-09-29T14:22:29.053393+00:00,492,2026-09-29 14:22:24.349,11.699999999999989,6708.881583716515,125.69999999999999,0,0.0,Normal operation,0,1.0361,1.6998,0,-0.0726,-0.0,0,0,2026-09-29T14:28:26.613501+00:00,357560.108
7449,L54628,L,300.3,311.8,1488,38.4,51,0,0,0,0,0,0,2026-09-29T14:22:29.103393+00:00,497,2026-09-29 14:22:24.349,11.5,5983.603031733263,1958.3999999999999,0,0.0,Normal operation,0,0.8206,1.4972,0,-0.1223,-0.0,0,0,2026-09-29T14:28:26.613501+00:00,357510.108
657,M15516,M,297.7,309.1,1732,28.1,167,0,0,0,0,0,0,2026-09-29T14:22:29.113393+00:00,498,2026-09-29 14:22:24.349,11.400000000000034,5096.626705869746,4692.7,0,0.0,Normal operation,0,1.1075,1.396,0,-0.0827,-0.0,0,0,2026-09-29T14:28:26.613501+00:00,357500.108
7188,L54367,L,300.4,310.5,1402,54.3,44,0,0,0,0,0,0,2026-09-29T14:22:29.123393+00:00,499,2026-09-29 14:22:24.349,10.100000000000023,7972.16834960253,2389.2,0,0.0,Normal operation,0,1.0063,1.6988,0,-0.0999,-0.0,0,0,2026-09-29T14:28:26.613501+00:00,357490.108
3265,H32678,H,301.3,310.1,1455,44.1,188,0,0,0,0,0,0,2026-09-29T14:22:24.183393+00:00,5,2026-09-29 14:22:24.294,8.800000000000011,6719.395447130529,8290.800000000001,0,0.0,Normal operation,0,0.7887,1.2965,0,-0.104,-0.0,0,0,2026-09-29T14:28:26.613501+00:00,362430.108
290,L47469,L,298.1,308.4,1436,46.7,103,0,0,0,0,0,0,2026-09-29T14:22:24.263393+00:00,13,2026-09-29 14:22:24.295,10.299999999999955,7022.632442030527,4810.1,0,0.0,Normal operation,0,0.7217,1.076,0,-0.141,-0.0,0,0,2026-09-29T14:28:26.613501+00:00,362350.10799999995
922,H30335,H,295.5,305.9,1593,37.2,197,0,0,0,0,0,0,2026-09-29T14:22:24.273393+00:00,14,2026-09-29 14:22:24.295,10.399999999999977,6205.65080048899,7328.400000000001,0,0.0,Normal operation,0,1.4679,2.7627,0,-0.0063,-0.0,0,0,2026-09-29T14:28:26.613501+00:00,362340.108
5107,L52286,L,304.0,313.3,1519,36.7,117,0,0,0,0,0,0,2026-09-29T14:22:24.293393+00:00,16,2026-09-29 14:22:24.295,9.300000000000011,5837.843604582209,4293.900000000001,0,0.0,Normal operation,0,1.1902,2.2301,0,-0.0692,-0.0,0,0,2026-09-29T14:28:26.613501+00:00,362320.108
8750,L55929,L,297.2,308.4,1677,26.4,146,0,0,0,0,0,0,2026-09-29T14:22:24.313393+00:00,18,2026-09-29 14:22:24.295,11.199999999999989,4636.236774461672,3854.3999999999996,0,0.0,Normal operation,0,1.197,1.5867,0,-0.0848,-0.0,0,0,2026-09-29T14:28:26.613501+00:00,362300.108
4177,M19036,M,302.3,310.7,1544,39.7,141,0,0,0,0,0,0,2026-09-29T14:22:24.363393+00:00,23,2026-09-29 14:22:24.296,8.399999999999977,6418.985885618761,5597.700000000001,0,0.0,Normal operation,0,0.8127,1.6419,0,-0.1117,-0.0,0,0,2026-09-29T14:28:26.613501+00:00,362250.108
7436,L54615,L,299.9,311.3,1504,40.7,20,0,0,0,0,0,0,2026-09-29T14:22:24.403393+00:00,27,2026-09-29 14:22:24.296,11.400000000000034,6410.18942618871,814.0,0,0.0,Normal operation,0,0.8198,1.396,0,-0.1075,-0.0,0,0,2026-09-29T14:28:26.613501+00:00,362210.108
5210,M20069,M,303.8,312.7,1507,38.5,180,0,0,0,0,0,0,2026-09-29T14:22:24.423393+00:00,29,2026-09-29 14:22:24.297,8.899999999999977,6075.7878321651,6930.0,0,0.0,Normal operation,0,1.1819,1.9256,0,-0.0782,-0.0,0,0,2026-09-29T14:28:26.613501+00:00,362190.108
1733,H31146,H,298.4,307.9,1700,28.2,120,0,0,0,0,0,0,2026-09-29T14:22:24.433393+00:00,30,2026-09-29 14:22:24.297,9.5,5020.265060436489,3384.0,0,0.0,Normal operation,0,0.9816,1.4133,0,-0.0984,-0.0,0,0,2026-09-29T14:28:26.613501+00:00,362180.108
4668,H34081,H,303.3,311.4,1651,30.6,50,0,0,0,0,0,0,2026-09-29T14:22:24.493393+00:00,36,2026-09-29 14:22:24.297,8.099999999999966,5290.504860498284,1530.0,0,0.0,Normal operation,0,1.2255,1.9457,0,-0.0467,-0.0,0,0,2026-09-29T14:28:26.613501+00:00,362120.108
5597,M20456,M,302.7,312.0,1538,36.7,74,0,0,0,0,0,0,2026-09-29T14:22:24.523393+00:00,39,2026-09-29 14:22:24.297,9.300000000000011,5910.864689827148,2715.8,0,0.0,Normal operation,0,0.8212,1.3721,0,-0.1308,-0.0,0,0,2026-09-29T14:28:26.613501+00:00,362090.108
4496,L51675,L,302.6,310.4,1359,57.2,67,1,0,1,0,0,0,2026-09-29T14:22:24.533393+00:00,40,2026-09-29 14:22:24.298,7.7999999999999545,8140.369220275728,3832.4,1,0.85,"HDF_Rule(temp_diff=7.8K<8.6K,speed=1359<1380)",0,1.479,2.2495,0,-0.0086,-0.0,0,1,2026-09-29T14:28:26.613501+00:00,362080.108
1562,L48741,L,298.2,308.4,1388,53.8,137,0,0,0,0,0,0,2026-09-29T14:22:24.593393+00:00,46,2026-09-29 14:22:24.298,10.199999999999989,7819.88488170752,7370.599999999999,0,0.0,Normal operation,0,1.0454,1.5488,0,-0.101,-0.0,0,0,2026-09-29T14:28:26.613501+00:00,362020.108
554,M15413,M,297.4,309.3,1564,36.0,126,0,0,0,0,0,0,2026-09-29T14:22:24.603393+00:00,47,2026-09-29 14:22:24.298,11.900000000000034,5896.141092257323,4536.0,0,0.0,Normal operation,0,0.9178,1.9023,0,-0.1196,-0.0,0,0,2026-09-29T14:28:26.613501+00:00,362010.108
7010,L54189,L,300.5,310.5,1536,36.2,12,0,0,0,0,0,0,2026-09-29T14:22:24.613393+00:00,48,2026-09-29 14:22:24.298,10.0,5822.753487869466,434.40000000000003,0,0.0,Normal operation,0,0.6272,1.5034,0,-0.1168,-0.0,0,0,2026-09-29T14:28:26.613501+00:00,362000.108
9809,M24668,M,298.2,309.0,1441,44.2,147,0,0,0,0,0,0,2026-09-29T14:22:24.633393+00:00,50,2026-09-29 14:22:24.298,10.800000000000011,6669.831587032394,6497.400000000001,0,0.0,Normal operation,0,0.6583,0.8923,0,-0.1509,-0.0,0,0,2026-09-29T14:28:26.613501+00:00,361980.10799999995
406,L47585,L,297.3,308.5,1350,57.6,186,0,0,0,0,0,0,2026-09-29T14:22:24.643393+00:00,51,2026-09-29 14:22:24.298,11.199999999999989,8143.008158104743,10713.6,0,0.0,Normal operation,0,1.4228,1.8865,0,-0.0108,-0.0,0,0,2026-09-29T14:28:26.613501+00:00,361970.108
1726,M16585,M,298.3,307.8,1392,50.4,101,0,0,0,0,0,0,2026-09-29T14:22:24.653393+00:00,52,2026-09-29 14:22:24.298,9.5,7346.802915978947,5090.4,0,0.0,Normal operation,0,0.9571,1.4808,0,-0.1107,-0.0,0,0,2026-09-29T14:28:26.613501+00:00,361960.108
5183,L52362,L,303.9,313.1,1586,31.9,108,0,0,0,0,0,0,2026-09-29T14:22:24.663393+00:00,53,2026-09-29 14:22:24.299,9.200000000000045,5298.1284586709935,3445.2,0,0.0,Normal operation,0,1.2302,2.0951,0,-0.0695,-0.0,0,0,2026-09-29T14:28:26.613501+00:00,361950.108
6370,H35783,H,300.0,309.5,1781,24.9,70,0,0,0,0,0,0,2026-09-29T14:22:24.693393+00:00,56,2026-09-29 14:22:24.299,9.5,4643.996508316039,1743.0,0,0.0,Normal operation,0,1.0451,1.579,0,-0.089,-0.0,0,0,2026-09-29T14:28:26.613501+00:00,361920.108
3660,M18519,M,302.2,311.5,1734,25.0,116,0,0,0,0,0,0,2026-09-29T14:22:24.713393+00:00,58,2026-09-29 14:22:24.299,9.300000000000011,4539.601384437251,2900.0,0,0.0,Normal operation,0,1.1557,1.6819,0,-0.0749,-0.0,0,0,2026-09-29T14:28:26.613501+00:00,361900.108
2485,H31898,H,298.8,308.6,1524,37.7,170,0,0,0,0,0,0,2026-09-29T14:22:24.753393+00:00,62,2026-09-29 14:22:24.300,9.800000000000011,6016.652586449029,6409.000000000001,0,0.0,Normal operation,0,0.5865,1.0101,0,-0.1393,-0.0,0,0,2026-09-29T14:28:26.613501+00:00,361860.108
216,L47395,L,298.3,308.6,1548,40.3,140,0,0,0,0,0,0,2026-09-29T14:22:24.763393+00:00,63,2026-09-29 14:22:24.300,10.300000000000011,6532.879091286902,5642.0,0,0.0,Normal operation,0,0.5403,0.941,0,-0.1515,-0.0,0,0,2026-09-29T14:28:26.613501+00:00,361850.10799999995
6284,L53463,L,301.3,310.8,1719,29.5,62,0,0,0,0,0,0,2026-09-29T14:22:24.803393+00:00,67,2026-09-29 14:22:24.302,9.5,5310.391141995507,1829.0,0,0.0,Normal operation,0,0.8127,1.0662,0,-0.1173,-0.0,0,0,2026-09-29T14:28:26.613501+00:00,361810.108
7018,M21877,M,300.7,310.6,1474,37.0,33,0,0,0,0,0,0,2026-09-29T14:22:24.813393+00:00,68,2026-09-29 14:22:24.302,9.900000000000034,5711.206004716004,1221.0,0,0.0,Normal operation,0,0.56,1.1693,0,-0.1384,-0.0,0,0,2026-09-29T14:28:26.613501+00:00,361800.108
1850,L49029,L,297.7,307.2,1668,32.7,31,0,0,0,0,0,0,2026-09-29T14:22:24.853393+00:00,72,2026-09-29 14:22:24.304,9.5,5711.792435344675,1013.7,0,0.0,Normal operation,0,1.0667,1.8856,0,-0.0581,-0.0,0,0,2026-09-29T14:28:26.613501+00:00,361760.108
352,M15211,M,297.6,308.4,1611,31.0,48,0,0,0,0,0,0,2026-09-29T14:22:24.883393+00:00,75,2026-09-29 14:22:24.304,10.799999999999955,5229.809290430929,1488.0,0,0.0,Normal operation,0,0.9316,1.1942,0,-0.1149,-0.0,0,0,2026-09-29T14:28:26.613501+00:00,361730.10799999995
8108,H37521,H,300.3,311.9,1390,49.0,194,0,0,0,0,0,0,2026-09-29T14:22:24.913393+00:00,78,2026-09-29 14:22:24.304,11.599999999999966,7132.4625212000265,9506.0,0,0.0,Normal operation,0,1.1144,1.5985,0,-0.0515,-0.0,0,0,2026-09-29T14:28:26.613501+00:00,361700.108
586,L47765,L,297.6,309.5,2001,20.5,220,0,0,0,0,0,0,2026-09-29T14:22:24.933393+00:00,80,2026-09-29 14:22:24.305,11.899999999999977,4295.656714886003,4510.0,1,0.8,TWF_ToolWear(220min>=200min),0,1.8354,2.7245,1,0.0309,-0.0,1,1,2026-09-29T14:28:26.613501+00:00,361680.108
6300,L53479,L,301.2,310.6,1385,49.2,105,0,0,0,0,0,0,2026-09-29T14:22:24.943393+00:00,81,2026-09-29 14:22:24.305,9.400000000000034,7135.813553363856,5166.0,0,0.0,Normal operation,0,0.7139,1.0039,0,-0.1402,-0.0,0,0,2026-09-29T14:28:26.613501+00:00,361670.108
3475,M18334,M,301.9,310.8,1557,35.3,65,0,0,0,0,0,0,2026-09-29T14:22:25.003393+00:00,87,2026-09-29 14:22:24.305,8.900000000000034,5755.617652862252,2294.5,0,0.0,Normal operation,0,0.6983,1.1356,0,-0.1338,-0.0,0,0,2026-09-29T14:28:26.613501+00:00,361610.108
6221,L53400,L,301.1,310.8,1470,49.3,116,0,0,0,0,0,0,2026-09-29T14:22:25.023393+00:00,89,2026-09-29 14:22:24.305,9.699999999999989,7589.145373276863,5718.799999999999,0,0.0,Normal operation,0,0.7266,1.3216,0,-0.1303,-0.0,0,0,2026-09-29T14:28:26.613501+00:00,361590.108
3027,M17886,M,300.4,309.5,1888,21.9,221,0,0,0,0,0,0,2026-09-29T14:22:25.033393+00:00,90,2026-09-29 14:22:24.305,9.100000000000023,4329.868658883596,4839.9,1,0.8,TWF_ToolWear(221min>=200min),0,1.4936,2.0556,0,-0.0026,-0.0,0,1,2026-09-29T14:28:26.613501+00:00,361580.108
872,L48051,L,295.8,306.4,1339,53.2,67,0,0,0,0,0,0,2026-09-29T14:22:25.113393+00:00,98,2026-09-29 14:22:24.306,10.599999999999966,7459.69081199794,3564.4,0,0.0,Normal operation,0,1.5076,2.4254,1,0.0075,-0.0,0,1,2026-09-29T14:28:26.613501+00:00,361500.108
6751,M21610,M,301.7,311.0,1505,44.0,187,0,0,0,0,0,0,2026-09-29T14:22:25.123393+00:00,99,2026-09-29 14:22:24.306,9.300000000000011,6934.54218402387,8228.0,0,0.0,Normal operation,0,0.7654,1.2806,0,-0.1124,-0.0,0,0,2026-09-29T14:28:26.613501+00:00,361490.108
5954,M20813,M,300.7,310.9,1486,38.9,106,0,0,0,0,0,0,2026-09-29T14:22:25.133393+00:00,100,2026-09-29 14:22:24.306,10.199999999999989,6053.367332593981,4123.4,0,0.0,Normal operation,0,0.3133,0.6108,0,-0.1494,-0.0,0,0,2026-09-29T14:28:26.613501+00:00,361480.10799999995
3978,M18837,M,302.2,311.3,1510,36.6,91,0,0,0,0,0,0,2026-09-29T14:22:25.183393+00:00,105,2026-09-29 14:22:24.307,9.100000000000023,5787.441986443117,3330.6,0,0.0,Normal operation,0,0.6869,1.1205,0,-0.1346,-0.0,0,0,2026-09-29T14:28:26.613501+00:00,361430.108
2262,M17121,M,299.1,308.2,1435,45.2,45,0,0,0,0,0,0,2026-09-29T14:22:25.223393+00:00,109,2026-09-29 14:22:24.307,9.099999999999966,6792.332756571373,2034.0000000000002,0,0.0,Normal operation,0,0.8025,1.2109,0,-0.12,-0.0,0,0,2026-09-29T14:28:26.613501+00:00,361390.108
1427,M16286,M,298.7,309.7,1622,34.6,8,0,0,0,0,0,0,2026-09-29T14:22:25.233393+00:00,110,2026-09-29 14:22:24.307,11.0,5876.9983210214505,276.8,0,0.0,Normal operation,0,0.8047,1.567,0,-0.1042,-0.0,0,0,2026-09-29T14:28:26.613501+00:00,361380.108
3837,L51016,L,302.4,311.2,1466,43.9,152,0,0,0,0,0,0,2026-09-29T14:22:25.293393+00:00,116,2026-09-29 14:22:24.308,8.800000000000011,6739.491168137992,6672.8,0,0.0,Normal operation,0,0.8312,1.2369,0,-0.112,-0.0,0,0,2026-09-29T14:28:26.613501+00:00,361320.108
197,H29610,H,298.3,308.6,1432,49.5,91,0,0,0,0,0,0,2026-09-29T14:22:25.323393+00:00,119,2026-09-29 14:22:24.308,10.300000000000011,7422.955121901963,4504.5,0,0.0,Normal operation,0,0.8073,1.1579,0,-0.1404,-0.0,0,0,2026-09-29T14:28:26.613501+00:00,361290.10799999995
9175,L56354,L,297.8,308.9,1871,25.6,200,1,1,0,0,0,0,2026-09-29T14:22:25.343393+00:00,121,2026-09-29 14:22:24.308,11.099999999999966,5015.824942819416,5120.0,1,0.8,TWF_ToolWear(200min>=200min),0,1.3426,1.955,0,-0.0442,-0.0,0,1,2026-09-29T14:28:26.613501+00:00,361270.108
9026,L56205,L,297.5,308.4,1440,35.9,13,0,0,0,0,0,0,2026-09-29T14:22:25.363393+00:00,123,2026-09-29 14:22:24.308,10.899999999999977,5413.592460665931,466.7,0,0.0,Normal operation,0,0.9925,1.4875,0,-0.0964,-0.0,0,0,2026-09-29T14:28:26.613501+00:00,361250.108
987,H30400,H,296.4,307.1,1638,32.5,146,0,0,0,0,0,0,2026-09-29T14:22:25.373393+00:00,124,2026-09-29 14:22:24.308,10.700000000000045,5574.756163795088,4745.0,0,0.0,Normal operation,0,1.1495,1.9531,0,-0.0681,-0.0,0,0,2026-09-29T14:28:26.613501+00:00,361240.108
9802,M24661,M,298.4,309.3,1496,45.6,129,0,0,0,0,0,0,2026-09-29T14:22:25.423393+00:00,129,2026-09-29 14:22:24.309,10.900000000000034,7143.730366850903,5882.400000000001,0,0.0,Normal operation,0,0.6554,0.8897,0,-0.1428,-0.0,0,0,2026-09-29T14:28:26.613501+00:00,361190.108
1849,H31262,H,297.7,307.2,1429,44.1,26,0,0,0,0,0,0,2026-09-29T14:22:25.433393+00:00,130,2026-09-29 14:22:24.309,9.5,6599.323775910327,1146.6000000000001,0,0.0,Normal operation,0,1.0392,1.8856,0,-0.0899,-0.0,0,0,2026-09-29T14:28:26.613501+00:00,361180.108
3679,L50858,L,302.2,311.5,1567,33.1,168,0,0,0,0,0,0,2026-09-29T14:22:25.463393+00:00,133,2026-09-29 14:22:24.311,9.300000000000011,5431.572842619978,5560.8,0,0.0,Normal operation,0,0.8384,1.1205,0,-0.1239,-0.0,0,0,2026-09-29T14:28:26.613501+00:00,361150.108
7385,L54564,L,299.7,310.4,1614,36.2,108,0,0,0,0,0,0,2026-09-29T14:22:25.493393+00:00,136,2026-09-29 14:22:24.312,10.699999999999989,6118.4401884253375,3909.6000000000004,0,0.0,Normal operation,0,0.3589,0.6871,0,-0.1389,-0.0,0,0,2026-09-29T14:28:26.613501+00:00,361120.108
7399,M22258,M,299.7,310.7,1498,37.8,146,0,0,0,0,0,0,2026-09-29T14:22:25.543393+00:00,141,2026-09-29 14:22:24.312,11.0,5929.693301797662,5518.799999999999,0,0.0,Normal operation,0,0.5101,0.9909,0,-0.1446,-0.0,0,0,2026-09-29T14:28:26.613501+00:00,361070.108
2748,L49927,L,299.7,309.2,1616,31.6,175,0,0,0,0,0,0,2026-09-29T14:22:25.553393+00:00,142,2026-09-29 14:22:24.312,9.5,5347.5771270384985,5530.0,0,0.0,Normal operation,0,0.7042,1.0897,0,-0.1342,-0.0,0,0,2026-09-29T14:28:26.613501+00:00,361060.108
1665,L48844,L,298.2,308.0,1535,38.0,179,0,0,0,0,0,0,2026-09-29T14:22:25.563393+00:00,143,2026-09-29 14:22:24.312,9.800000000000011,6108.303316129754,6802.0,0,0.0,Normal operation,0,0.7595,1.3459,0,-0.1266,-0.0,0,0,2026-09-29T14:28:26.613501+00:00,361050.108
2672,M17531,M,299.7,309.3,1399,41.9,221,1,1,0,0,0,0,2026-09-29T14:22:25.573393+00:00,144,2026-09-29 14:22:24.312,9.600000000000023,6138.473077579728,9259.9,1,0.8,TWF_ToolWear(221min>=200min),0,0.8026,1.8215,0,-0.0927,-0.0,0,1,2026-09-29T14:28:26.613501+00:00,361040.10799999995
8489,L55668,L,298.4,309.4,1385,43.2,119,0,0,0,0,0,0,2026-09-29T14:22:25.643393+00:00,151,2026-09-29 14:22:24.313,11.0,6265.592388319484,5140.8,0,0.0,Normal operation,0,0.6323,0.9909,0,-0.1509,-0.0,0,0,2026-09-29T14:28:26.613501+00:00,360970.108
6277,L53456,L,301.2,310.8,1233,64.6,45,0,0,0,0,0,0,2026-09-29T14:22:25.673393+00:00,154,2026-09-29 14:22:24.313,9.600000000000023,8341.116990840115,2906.9999999999995,0,0.0,Normal operation,0,1.5241,2.6221,0,-0.0262,-0.0,0,0,2026-09-29T14:28:26.613501+00:00,360940.108
3118,M17977,M,300.1,309.3,1469,43.9,20,0,0,0,0,0,0,2026-09-29T14:22:25.683393+00:00,155,2026-09-29 14:22:24.313,9.199999999999989,6753.282759887251,878.0,0,0.0,Normal operation,0,0.7008,1.3761,0,-0.1231,-0.0,0,0,2026-09-29T14:28:26.613501+00:00,360930.108
2548,L49727,L,299.2,309.1,1578,38.1,109,0,0,0,0,0,0,2026-09-29T14:22:25.693393+00:00,156,2026-09-29 14:22:24.313,9.900000000000034,6295.94017335316,4152.900000000001,0,0.0,Normal operation,0,0.2952,0.6037,0,-0.1563,-0.0,0,0,2026-09-29T14:28:26.613501+00:00,360920.108
6433,M21292,M,300.3,309.9,1447,46.5,28,0,0,0,0,0,0,2026-09-29T14:22:25.713393+00:00,158,2026-09-29 14:22:24.313,9.599999999999966,7046.121083103867,1302.0,0,0.0,Normal operation,0,0.678,1.2489,0,-0.1316,-0.0,0,0,2026-09-29T14:28:26.613501+00:00,360900.108
2445,L49624,L,299.2,308.6,1267,68.2,76,1,0,0,1,0,0,2026-09-29T14:22:25.723393+00:00,159,2026-09-29 14:22:24.313,9.400000000000034,9048.77120803673,5183.2,1,0.95,PWF_HighPower(9049W>9000W); HighTorque(68.2Nm>68.0),1,1.7283,3.0004,0,-0.0134,-0.0,1,1,2026-09-29T14:28:26.613501+00:00,360890.108
3913,L51092,L,302.4,311.4,1475,40.4,126,0,0,0,0,0,0,2026-09-29T14:22:25.733393+00:00,160,2026-09-29 14:22:24.313,9.0,6240.250207580525,5090.4,0,0.0,Normal operation,0,0.7284,1.2211,0,-0.1359,-0.0,0,0,2026-09-29T14:28:26.613501+00:00,360880.108
7987,L55166,L,301.1,312.3,1587,34.5,115,0,0,0,0,0,0,2026-09-29T14:22:25.743393+00:00,161,2026-09-29 14:22:24.313,11.199999999999989,5733.563672434052,3967.5,0,0.0,Normal operation,0,0.8287,1.5554,0,-0.1136,-0.0,0,0,2026-09-29T14:28:26.613501+00:00,360870.108
8745,M23604,M,297.4,308.7,1798,23.0,135,0,0,0,0,0,0,2026-09-29T14:22:25.753393+00:00,162,2026-09-29 14:22:24.314,11.300000000000011,4330.58075321841,3105.0,0,0.0,Normal operation,0,1.3766,1.8877,0,-0.0593,-0.0,0,0,2026-09-29T14:28:26.613501+00:00,360860.108
2023,L49202,L,298.7,308.4,1373,46.9,60,0,0,0,0,0,0,2026-09-29T14:22:25.783393+00:00,165,2026-09-29 14:22:24.314,9.699999999999989,6743.292495248835,2814.0,0,0.0,Normal operation,0,0.7584,1.076,0,-0.127,-0.0,0,0,2026-09-29T14:28:26.613501+00:00,360830.108
598,H30011,H,297.6,309.6,1428,46.6,13,0,0,0,0,0,0,2026-09-29T14:22:25.803393+00:00,167,2026-09-29 14:22:24.314,12.0,6968.555160486735,605.8000000000001,0,0.0,Normal operation,0,1.1469,2.0036,0,-0.0825,-0.0,0,0,2026-09-29T14:28:26.613501+00:00,360810.108
1450,H30863,H,299.0,310.4,1677,30.8,73,0,0,0,0,0,0,2026-09-29T14:22:25.903393+00:00,177,2026-09-29 14:22:24.314,11.399999999999977,5408.942903538618,2248.4,0,0.0,Normal operation,0,0.8232,1.396,0,-0.0961,-0.0,0,0,2026-09-29T14:28:26.613501+00:00,360710.108
2743,L49922,L,299.6,309.1,1369,51.4,164,0,0,0,0,0,0,2026-09-29T14:22:25.913393+00:00,178,2026-09-29 14:22:24.315,9.5,7368.77312060305,8429.6,0,0.0,Normal operation,0,0.8696,1.235,0,-0.1034,-0.0,0,0,2026-09-29T14:28:26.613501+00:00,360700.108
7101,L54280,L,300.7,310.2,1569,32.8,31,0,0,0,0,0,0,2026-09-29T14:22:25.923393+00:00,179,2026-09-29 14:22:24.315,9.5,5389.213701674074,1016.8,0,0.0,Normal operation,0,0.6691,1.2011,0,-0.1295,-0.0,0,0,2026-09-29T14:28:26.613501+00:00,360690.108
6946,M21805,M,300.8,311.4,1852,22.2,53,0,0,0,0,0,0,2026-09-29T14:22:25.933393+00:00,180,2026-09-29 14:22:24.315,10.599999999999966,4305.48989989174,1176.6,0,0.0,Normal operation,0,1.3391,1.9124,0,-0.0216,-0.0,0,0,2026-09-29T14:28:26.613501+00:00,360680.108
6934,L54113,L,300.8,311.4,1492,40.6,20,0,0,0,0,0,0,2026-09-29T14:22:25.963393+00:00,183,2026-09-29 14:22:24.315,10.599999999999966,6343.420110324415,812.0,0,0.0,Normal operation,0,0.6981,1.3761,0,-0.1207,-0.0,0,0,2026-09-29T14:28:26.613501+00:00,360650.108
8963,L56142,L,297.3,307.9,1628,30.2,80,0,0,0,0,0,0,2026-09-29T14:22:25.973393+00:00,184,2026-09-29 14:22:24.315,10.599999999999966,5148.609592311144,2416.0,0,0.0,Normal operation,0,0.9821,1.4133,0,-0.1018,-0.0,0,0,2026-09-29T14:28:26.613501+00:00,360640.108
2705,M17564,M,299.7,309.2,1608,34.4,68,0,0,0,0,0,0,2026-09-29T14:22:25.993393+00:00,186,2026-09-29 14:22:24.315,9.5,5792.594198395003,2339.2,0,0.0,Normal operation,0,0.4816,0.6125,0,-0.1463,-0.0,0,0,2026-09-29T14:28:26.613501+00:00,360620.108
8604,H38017,H,297.3,308.0,1384,49.1,206,0,0,0,0,0,0,2026-09-29T14:22:26.023393+00:00,189,2026-09-29 14:22:24.315,10.699999999999989,7116.168127303408,10114.6,1,0.8,TWF_ToolWear(206min>=200min),0,1.145,1.5828,0,-0.0444,-0.0,0,1,2026-09-29T14:28:26.613501+00:00,360590.108
648,L47827,L,297.7,309.3,1559,36.9,145,0,0,0,0,0,0,2026-09-29T14:22:26.063393+00:00,193,2026-09-29 14:22:24.316,11.600000000000023,6024.223824744179,5350.5,0,0.0,Normal operation,0,0.8108,1.5985,0,-0.1281,-0.0,0,0,2026-09-29T14:28:26.613501+00:00,360550.108
6398,M21257,M,300.0,309.6,1587,32.6,152,0,0,0,0,0,0,2026-09-29T14:22:26.093393+00:00,196,2026-09-29 14:22:24.316,9.600000000000023,5417.802194821742,4955.2,0,0.0,Normal operation,0,0.5435,0.8169,0,-0.1431,-0.0,0,0,2026-09-29T14:28:26.613501+00:00,360520.108
9504,M24363,M,299.2,310.3,1551,44.8,18,0,0,0,0,0,0,2026-09-29T14:22:26.113393+00:00,198,2026-09-29 14:22:24.316,11.100000000000023,7276.4312405385335,806.4,0,0.0,Normal operation,0,0.8188,1.4079,0,-0.099,-0.0,0,0,2026-09-29T14:28:26.613501+00:00,360500.108
5172,M20031,M,304.2,313.4,1329,54.5,75,0,0,0,0,0,0,2026-09-29T14:22:26.143393+00:00,201,2026-09-29 14:22:24.316,9.199999999999989,7584.904223194517,4087.5,0,0.0,Normal operation,0,1.5347,2.2975,0,-0.0084,-0.0,0,0,2026-09-29T14:28:26.613501+00:00,360470.108
6091,L53270,L,300.9,310.8,1708,29.1,14,0,0,0,0,0,0,2026-09-29T14:22:26.163393+00:00,203,2026-09-29 14:22:24.317,9.900000000000034,5204.865044761425,407.40000000000003,0,0.0,Normal operation,0,0.9224,1.4716,0,-0.0878,-0.0,0,0,2026-09-29T14:28:26.613501+00:00,360450.108
9744,L56923,L,298.9,310.2,1562,42.5,179,0,0,0,0,0,0,2026-09-29T14:22:26.183393+00:00,205,2026-09-29 14:22:24.317,11.300000000000011,6951.8209436186135,7607.5,0,0.0,Normal operation,0,0.7468,1.2947,0,-0.1106,-0.0,0,0,2026-09-29T14:28:26.613501+00:00,360430.108
6730,H36143,H,301.5,310.9,1524,40.4,124,0,0,0,0,0,0,2026-09-29T14:22:26.243393+00:00,211,2026-09-29 14:22:24.318,9.399999999999977,6447.553434815404,5009.599999999999,0,0.0,Normal operation,0,0.4616,0.7682,0,-0.1529,-0.0,0,0,2026-09-29T14:28:26.613501+00:00,360370.108
3874,L51053,L,302.6,311.8,1638,35.1,17,0,0,0,0,0,0,2026-09-29T14:22:26.283393+00:00,215,2026-09-29 14:22:24.318,9.199999999999989,6020.736656898695,596.7,0,0.0,Normal operation,0,0.968,1.4238,0,-0.0874,-0.0,0,0,2026-09-29T14:28:26.613501+00:00,360330.108
4224,L51403,L,302.0,310.7,1657,31.9,37,0,0,0,0,0,0,2026-09-29T14:22:26.323393+00:00,219,2026-09-29 14:22:24.318,8.699999999999989,5535.3082320415115,1180.3,0,0.0,Normal operation,0,0.9187,1.3382,0,-0.087,-0.0,0,0,2026-09-29T14:28:26.613501+00:00,360290.10799999995
8251,M23110,M,299.0,310.4,1394,45.2,122,0,0,0,0,0,0,2026-09-29T14:22:26.343393+00:00,221,2026-09-29 14:22:24.318,11.399999999999977,6598.2661063836185,5514.400000000001,0,0.0,Normal operation,0,0.711,1.396,0,-0.1342,-0.0,0,0,2026-09-29T14:28:26.613501+00:00,360270.108
3044,L50223,L,300.3,309.5,1551,37.9,42,0,0,0,0,0,0,2026-09-29T14:22:26.373393+00:00,224,2026-09-29 14:22:24.318,9.199999999999989,6155.730893223447,1591.8,0,0.0,Normal operation,0,0.5249,1.0261,0,-0.1438,-0.0,0,0,2026-09-29T14:28:26.613501+00:00,360240.108
8430,L55609,L,299.0,310.3,1577,40.0,181,0,0,0,0,0,0,2026-09-29T14:22:26.383393+00:00,225,2026-09-29 14:22:24.319,11.300000000000011,6605.722152948138,7240.0,0,0.0,Normal operation,0,0.7107,1.2947,0,-0.1147,-0.0,0,0,2026-09-29T14:28:26.613501+00:00,360230.10799999995
9208,L56387,L,297.9,308.8,1386,48.6,75,0,0,0,0,0,0,2026-09-29T14:22:26.433393+00:00,230,2026-09-29 14:22:24.319,10.900000000000034,7053.880816958234,3645.0,0,0.0,Normal operation,0,0.8565,1.0433,0,-0.137,-0.0,0,0,2026-09-29T14:28:26.613501+00:00,360180.108
992,M15851,M,296.1,307.0,1523,42.0,164,0,0,0,0,0,0,2026-09-29T14:22:26.573393+00:00,244,2026-09-29 14:22:24.322,10.899999999999977,6698.503855984157,6888.0,0,0.0,Normal operation,0,1.182,2.0206,0,-0.0495,-0.0,0,0,2026-09-29T14:28:26.613501+00:00,360040.10799999995
7780,L54959,L,300.5,311.7,1811,26.8,47,0,0,0,0,0,0,2026-09-29T14:22:26.583393+00:00,245,2026-09-29 14:22:24.322,11.199999999999989,5082.552370781663,1259.6000000000001,0,0.0,Normal operation,0,1.1596,1.5999,0,-0.0517,-0.0,0,0,2026-09-29T14:28:26.613501+00:00,360030.108
1327,L48506,L,298.9,310.2,1411,46.5,202,0,0,0,0,0,0,2026-09-29T14:22:26.613393+00:00,248,2026-09-29 14:22:24.323,11.300000000000011,6870.820213033557,9393.0,1,0.8,TWF_ToolWear(202min>=200min),0,0.9087,1.5192,0,-0.0888,-0.0,0,1,2026-09-29T14:28:26.613501+00:00,360000.108
2397,M17256,M,299.1,308.5,1592,34.2,153,0,0,0,0,0,0,2026-09-29T14:22:26.643393+00:00,251,2026-09-29 14:22:24.323,9.399999999999977,5701.613675147044,5232.6,0,0.0,Normal operation,0,0.6394,1.0085,0,-0.1347,-0.0,0,0,2026-09-29T14:28:26.613501+00:00,359970.108
1301,L48480,L,298.7,309.8,1322,57.0,140,0,0,0,0,0,0,2026-09-29T14:22:26.653393+00:00,252,2026-09-29 14:22:24.323,11.100000000000023,7891.052427286842,7980.0,0,0.0,Normal operation,0,1.1666,1.8235,0,-0.085,-0.0,0,0,2026-09-29T14:28:26.613501+00:00,359960.108
1385,L48564,L,298.9,310.3,1484,43.8,124,0,0,0,0,0,0,2026-09-29T14:22:26.663393+00:00,253,2026-09-29 14:22:24.323,11.400000000000034,6806.700306973788,5431.2,0,0.0,Normal operation,0,0.651,1.396,0,-0.1382,-0.0,0,0,2026-09-29T14:28:26.613501+00:00,359950.108
8289,M23148,M,298.8,310.6,1640,33.8,9,0,0,0,0,0,0,2026-09-29T14:22:26.683393+00:00,255,2026-09-29 14:22:24.324,11.800000000000011,5804.825465792979,304.2,0,0.0,Normal operation,0,1.0055,1.801,0,-0.0668,-0.0,0,0,2026-09-29T14:28:26.613501+00:00,359930.108
1311,L48490,L,298.9,310.2,1498,50.2,160,0,0,0,0,0,0,2026-09-29T14:22:26.763393+00:00,263,2026-09-29 14:22:24.324,11.300000000000011,7874.8836970963675,8032.0,0,0.0,Normal operation,0,0.9691,1.603,0,-0.0909,-0.0,0,0,2026-09-29T14:28:26.613501+00:00,359850.10799999995
2454,L49633,L,299.0,308.6,1648,30.8,98,0,0,0,0,0,0,2026-09-29T14:22:26.773393+00:00,264,2026-09-29 14:22:24.324,9.600000000000023,5315.407218265738,3018.4,0,0.0,Normal operation,0,0.7006,0.941,0,-0.1292,-0.0,0,0,2026-09-29T14:28:26.613501+00:00,359840.108
8639,L55818,L,297.6,308.5,1572,35.9,71,0,0,0,0,0,0,2026-09-29T14:22:26.783393+00:00,265,2026-09-29 14:22:24.324,10.899999999999977,5909.838436226974,2548.9,0,0.0,Normal operation,0,0.742,1.1942,0,-0.1419,-0.0,0,0,2026-09-29T14:28:26.613501+00:00,359830.108
319,L47498,L,297.8,308.4,1512,39.9,181,0,0,0,0,0,0,2026-09-29T14:22:26.803393+00:00,267,2026-09-29 14:22:24.325,10.599999999999966,6317.617162662929,7221.9,0,0.0,Normal operation,0,0.7687,1.1851,0,-0.1316,-0.0,0,0,2026-09-29T14:28:26.613501+00:00,359810.108
4333,M19192,M,301.7,309.9,1452,41.5,86,0,0,0,0,0,0,2026-09-29T14:22:26.823393+00:00,269,2026-09-29 14:22:24.325,8.199999999999989,6310.203004000458,3569.0,0,0.0,Normal operation,0,0.8093,1.8445,0,-0.0898,-0.0,0,0,2026-09-29T14:28:26.613501+00:00,359790.10799999995
9020,L56199,L,297.2,308.1,1662,31.3,0,0,0,0,0,0,0,2026-09-29T14:22:26.873393+00:00,274,2026-09-29 14:22:24.325,10.900000000000034,5447.584493177773,0.0,0,0.0,Normal operation,0,1.1432,1.6943,0,-0.0626,-0.0,0,0,2026-09-29T14:28:26.613501+00:00,359740.108
9905,L57084,L,298.6,309.1,1537,35.7,198,0,0,0,0,0,0,2026-09-29T14:22:26.893393+00:00,276,2026-09-29 14:22:24.325,10.5,5746.067211195339,7068.6,0,0.0,Normal operation,0,0.7183,1.4556,0,-0.1133,-0.0,0,0,2026-09-29T14:28:26.613501+00:00,359720.108
5813,L52992,L,301.4,311.1,1495,36.3,193,0,0,0,0,0,0,2026-09-29T14:22:26.913393+00:00,278,2026-09-29 14:22:24.326,9.700000000000045,5682.984030711255,7005.9,0,0.0,Normal operation,0,0.7148,1.376,0,-0.1242,-0.0,0,0,2026-09-29T14:28:26.613501+00:00,359700.108
9395,L56574,L,297.7,308.2,1334,53.0,156,0,0,0,0,0,0,2026-09-29T14:22:26.953393+00:00,282,2026-09-29 14:22:24.326,10.5,7403.896126470185,8268.0,0,0.0,Normal operation,0,1.095,1.4032,0,-0.0939,-0.0,0,0,2026-09-29T14:28:26.613501+00:00,359660.108
5468,L52647,L,302.9,312.4,1383,51.4,160,0,0,0,0,0,0,2026-09-29T14:22:27.003393+00:00,287,2026-09-29 14:22:24.326,9.5,7444.129456387158,8224.0,0,0.0,Normal operation,0,1.1706,1.6228,0,-0.0719,-0.0,0,0,2026-09-29T14:28:26.613501+00:00,359610.108
4313,L51492,L,301.5,310.1,1430,46.5,35,0,0,0,0,0,0,2026-09-29T14:22:27.023393+00:00,289,2026-09-29 14:22:24.326,8.600000000000023,6963.340116681776,1627.5,0,0.0,Normal operation,0,0.8788,1.4394,0,-0.1002,-0.0,0,0,2026-09-29T14:28:26.613501+00:00,359590.108
4838,H34251,H,303.3,311.8,1806,27.7,44,0,0,0,0,0,0,2026-09-29T14:22:27.093393+00:00,296,2026-09-29 14:22:24.327,8.5,5238.731413567123,1218.8,0,0.0,Normal operation,0,1.3457,1.674,0,-0.0343,-0.0,0,0,2026-09-29T14:28:26.613501+00:00,359520.108
4696,L51875,L,303.3,311.6,1514,34.7,130,0,0,0,0,0,0,2026-09-29T14:22:27.103393+00:00,297,2026-09-29 14:22:24.327,8.300000000000011,5501.536111015422,4511.0,0,0.0,Normal operation,0,1.0683,1.7432,0,-0.0761,-0.0,0,0,2026-09-29T14:28:26.613501+00:00,359510.108
844,L48023,L,296.6,307.5,1485,42.7,204,0,0,0,0,0,0,2026-09-29T14:22:27.163393+00:00,303,2026-09-29 14:22:24.327,10.899999999999977,6640.227312260066,8710.800000000001,1,0.8,TWF_ToolWear(204min>=200min),0,1.151,1.6974,0,-0.0606,-0.0,0,1,2026-09-29T14:28:26.613501+00:00,359450.108
1812,M16671,M,298.1,307.8,1569,31.2,131,0,0,0,0,0,0,2026-09-29T14:22:27.183393+00:00,305,2026-09-29 14:22:24.327,9.699999999999989,5126.325228421681,4087.2,0,0.0,Normal operation,0,0.8762,1.4808,0,-0.1191,-0.0,0,0,2026-09-29T14:28:26.613501+00:00,359430.108
9441,M24300,M,298.1,308.8,1378,53.5,65,0,0,0,0,0,0,2026-09-29T14:22:27.203393+00:00,307,2026-09-29 14:22:24.327,10.699999999999989,7720.254506686677,3477.5,0,0.0,Normal operation,0,1.0418,1.4557,0,-0.0938,-0.0,0,0,2026-09-29T14:28:26.613501+00:00,359410.108
1300,M16159,M,298.7,309.9,1458,40.2,137,0,0,0,0,0,0,2026-09-29T14:22:27.213393+00:00,308,2026-09-29 14:22:24.327,11.199999999999989,6137.792399171451,5507.400000000001,0,0.0,Normal operation,0,0.5768,1.1934,0,-0.1547,-0.0,0,0,2026-09-29T14:28:26.613501+00:00,359400.108
4193,M19052,M,302.5,311.0,1463,43.1,181,0,0,0,0,0,0,2026-09-29T14:22:27.263393+00:00,313,2026-09-29 14:22:24.328,8.5,6603.135574996682,7801.1,0,0.0,Normal operation,0,0.9502,1.5407,0,-0.097,-0.0,0,0,2026-09-29T14:28:26.613501+00:00,359350.10799999995
4144,L51323,L,301.7,310.1,1500,39.6,56,0,0,0,0,0,0,2026-09-29T14:22:27.363393+00:00,323,2026-09-29 14:22:24.330,8.400000000000034,6220.35345410779,2217.6,0,0.0,Normal operation,0,0.7709,1.6419,0,-0.1151,-0.0,0,0,2026-09-29T14:28:26.613501+00:00,359250.108
7815,L54994,L,300.0,311.4,1927,24.6,132,0,0,0,0,0,0,2026-09-29T14:22:27.373393+00:00,324,2026-09-29 14:22:24.330,11.399999999999977,4964.156215643376,3247.2000000000003,0,0.0,Normal operation,0,1.3276,2.2865,0,-0.0398,-0.0,0,0,2026-09-29T14:28:26.613501+00:00,359240.108
3863,H33276,H,302.5,311.5,1496,43.8,218,0,0,0,0,0,0,2026-09-29T14:22:27.383393+00:00,325,2026-09-29 14:22:24.331,9.0,6861.741010264682,9548.4,1,0.8,TWF_ToolWear(218min>=200min),0,1.0345,1.7737,0,-0.0586,-0.0,0,1,2026-09-29T14:28:26.613501+00:00,359230.10799999995
9451,M24310,M,298.0,308.7,1494,42.6,96,0,0,0,0,0,0,2026-09-29T14:22:27.423393+00:00,329,2026-09-29 14:22:24.331,10.699999999999989,6664.825982737674,4089.6000000000004,0,0.0,Normal operation,0,0.6084,0.9929,0,-0.1504,-0.0,0,0,2026-09-29T14:28:26.613501+00:00,359190.108
3538,M18397,M,302.0,311.0,1980,21.5,20,0,0,0,0,0,0,2026-09-29T14:22:27.453393+00:00,332,2026-09-29 14:22:24.332,9.0,4457.919975443916,430.0,0,0.0,Normal operation,0,1.6021,2.6002,0,-0.0171,-0.0,0,0,2026-09-29T14:28:26.613501+00:00,359160.108
8303,L55482,L,298.7,310.1,1641,31.1,49,0,0,0,0,0,0,2026-09-29T14:22:27.463393+00:00,333,2026-09-29 14:22:24.332,11.400000000000034,5344.3831745073485,1523.9,0,0.0,Normal operation,0,0.8578,1.396,0,-0.1086,-0.0,0,0,2026-09-29T14:28:26.613501+00:00,359150.108
2766,M17625,M,299.9,309.4,1399,54.8,3,0,0,0,0,0,0,2026-09-29T14:22:27.473393+00:00,334,2026-09-29 14:22:24.332,9.5,8028.360970199739,164.39999999999998,0,0.0,Normal operation,0,1.163,1.7542,0,-0.0494,-0.0,0,0,2026-09-29T14:28:26.613501+00:00,359140.108
5701,L52880,L,302.5,311.9,1497,41.6,123,0,0,0,0,0,0,2026-09-29T14:22:27.493393+00:00,336,2026-09-29 14:22:24.332,9.399999999999977,6521.4436940278365,5116.8,0,0.0,Normal operation,0,0.7479,1.2855,0,-0.134,-0.0,0,0,2026-09-29T14:28:26.613501+00:00,359120.108
7336,L54515,L,299.9,310.4,1328,49.9,206,0,0,0,0,0,0,2026-09-29T14:22:27.503393+00:00,337,2026-09-29 14:22:24.332,10.5,6939.484956465517,10279.4,1,0.8,TWF_ToolWear(206min>=200min),0,0.9279,1.5828,0,-0.0744,-0.0,0,1,2026-09-29T14:28:26.613501+00:00,359110.108
2418,L49597,L,298.9,308.3,1576,36.6,7,0,0,0,0,0,0,2026-09-29T14:22:27.533393+00:00,340,2026-09-29 14:22:24.332,9.400000000000034,6040.403026910168,256.2,0,0.0,Normal operation,0,0.8184,1.5829,0,-0.0841,-0.0,0,0,2026-09-29T14:28:26.613501+00:00,359080.108
736,L47915,L,296.9,308.4,1557,32.4,173,0,0,0,0,0,0,2026-09-29T14:22:27.543393+00:00,341,2026-09-29 14:22:24.332,11.5,5282.776542570452,5605.2,0,0.0,Normal operation,0,1.0955,1.5465,0,-0.0937,-0.0,0,0,2026-09-29T14:28:26.613501+00:00,359070.108
3107,L50286,L,299.8,309.1,1485,39.9,207,0,0,0,0,0,0,2026-09-29T14:22:27.583393+00:00,345,2026-09-29 14:22:24.332,9.300000000000011,6204.8025704725205,8259.3,1,0.8,TWF_ToolWear(207min>=200min),0,0.7144,1.5987,0,-0.1179,-0.0,0,1,2026-09-29T14:28:26.613501+00:00,359030.108
1813,L48992,L,298.2,307.8,1476,36.8,134,0,0,0,0,0,0,2026-09-29T14:22:27.623393+00:00,349,2026-09-29 14:22:24.333,9.600000000000023,5688.041994883535,4931.2,0,0.0,Normal operation,0,0.7466,1.4808,0,-0.1476,-0.0,0,0,2026-09-29T14:28:26.613501+00:00,358990.108
6262,L53441,L,301.1,310.6,1417,47.6,10,0,0,0,0,0,0,2026-09-29T14:22:27.723393+00:00,359,2026-09-29 14:22:24.333,9.5,7063.263707016955,476.0,0,0.0,Normal operation,0,0.8455,1.5352,0,-0.1026,-0.0,0,0,2026-09-29T14:28:26.613501+00:00,358890.108
3033,M17892,M,300.6,309.8,1447,42.9,12,0,0,0,0,0,0,2026-09-29T14:22:27.743393+00:00,361,2026-09-29 14:22:24.334,9.199999999999989,6500.614934734535,514.8,0,0.0,Normal operation,0,0.7127,1.5034,0,-0.113,-0.0,0,0,2026-09-29T14:28:26.613501+00:00,358870.108
5583,L52762,L,302.5,312.0,2052,18.9,40,0,0,0,0,0,0,2026-09-29T14:22:27.753393+00:00,362,2026-09-29 14:22:24.334,9.5,4061.32531885474,756.0,0,0.0,Normal operation,1,1.828,3.0264,1,0.0072,-0.0,1,1,2026-09-29T14:28:26.613501+00:00,358860.108
1637,L48816,L,297.9,307.8,1505,37.3,100,0,0,0,0,0,0,2026-09-29T14:22:27.783393+00:00,365,2026-09-29 14:22:24.334,9.900000000000034,5878.60053327478,3729.9999999999995,0,0.0,Normal operation,0,0.7116,1.4808,0,-0.1442,-0.0,0,0,2026-09-29T14:28:26.613501+00:00,358830.108
5219,L52398,L,303.8,312.9,1589,37.2,203,0,0,0,0,0,0,2026-09-29T14:22:27.823393+00:00,369,2026-09-29 14:22:24.334,9.099999999999966,6190.068500927185,7551.6,1,0.8,TWF_ToolWear(203min>=200min),0,1.2495,1.9602,0,-0.0442,-0.0,0,1,2026-09-29T14:28:26.613501+00:00,358790.10799999995
7219,H36632,H,299.9,309.8,1400,48.7,119,0,0,0,0,0,0,2026-09-29T14:22:27.843393+00:00,371,2026-09-29 14:22:24.334,9.900000000000034,7139.792904058403,5795.3,0,0.0,Normal operation,0,0.591,0.9513,0,-0.1447,-0.0,0,0,2026-09-29T14:28:26.613501+00:00,358770.108
7224,L54403,L,299.8,309.6,1374,51.6,137,0,0,0,0,0,0,2026-09-29T14:22:27.873393+00:00,374,2026-09-29 14:22:24.334,9.800000000000011,7424.4630863756865,7069.2,0,0.0,Normal operation,0,0.7801,1.2561,0,-0.1223,-0.0,0,0,2026-09-29T14:28:26.613501+00:00,358740.108
5308,L52487,L,304.0,313.3,1530,34.8,211,0,0,0,0,0,0,2026-09-29T14:22:27.903393+00:00,377,2026-09-29 14:22:24.335,9.300000000000011,5575.698641591164,7342.799999999999,1,0.8,TWF_ToolWear(211min>=200min),0,1.3668,2.2301,0,-0.0199,-0.0,0,1,2026-09-29T14:28:26.613501+00:00,358710.108
5329,M20188,M,303.7,312.9,1406,41.9,48,0,0,0,0,0,0,2026-09-29T14:22:27.973393+00:00,384,2026-09-29 14:22:24.335,9.199999999999989,6169.187381756325,2011.1999999999998,0,0.0,Normal operation,0,1.172,1.9602,0,-0.0646,-0.0,0,0,2026-09-29T14:28:26.613501+00:00,358640.108
2198,L49377,L,299.7,309.0,1412,49.2,85,0,0,0,0,0,0,2026-09-29T14:22:27.983393+00:00,385,2026-09-29 14:22:24.335,9.300000000000011,7274.923276064813,4182.0,0,0.0,Normal operation,0,0.7302,1.0121,0,-0.1322,-0.0,0,0,2026-09-29T14:28:26.613501+00:00,358630.108
6945,M21804,M,300.7,311.3,1487,39.8,50,0,0,0,0,0,0,2026-09-29T14:22:28.003393+00:00,387,2026-09-29 14:22:24.335,10.600000000000023,6197.587379344776,1989.9999999999998,0,0.0,Normal operation,0,0.556,0.8989,0,-0.1405,-0.0,0,0,2026-09-29T14:28:26.613501+00:00,358610.108
5707,L52886,L,302.4,311.9,1290,70.0,139,1,0,0,1,0,0,2026-09-29T14:22:28.013393+00:00,388,2026-09-29 14:22:24.335,9.5,9456.193887305277,9730.0,1,0.95,PWF_HighPower(9456W>9000W); HighTorque(70.0Nm>68.0),1,1.9292,3.1895,1,0.034,-0.0,1,1,2026-09-29T14:28:26.613501+00:00,358600.10799999995
8022,M22881,M,301.0,312.0,1499,34.6,207,0,0,0,0,0,0,2026-09-29T14:22:28.033393+00:00,390,2026-09-29 14:22:24.336,11.0,5431.331987183202,7162.200000000001,1,0.8,TWF_ToolWear(207min>=200min),0,0.9727,1.5987,0,-0.0746,-0.0,0,1,2026-09-29T14:28:26.613501+00:00,358580.108
144,H29557,H,298.6,308.4,1407,50.5,164,0,0,0,0,0,0,2026-09-29T14:22:28.073393+00:00,394,2026-09-29 14:22:24.336,9.799999999999955,7440.705120394745,8282.0,0,0.0,Normal operation,0,0.9127,1.1754,0,-0.1119,-0.0,0,0,2026-09-29T14:28:26.613501+00:00,358540.10799999995
3428,L50607,L,301.6,310.6,1562,34.4,162,0,0,0,0,0,0,2026-09-29T14:22:28.193393+00:00,406,2026-09-29 14:22:24.338,9.0,5626.885657893654,5572.8,0,0.0,Normal operation,0,0.6948,1.0344,0,-0.1312,-0.0,0,0,2026-09-29T14:28:26.613501+00:00,358420.108
5789,L52968,L,301.8,311.5,1443,43.3,134,0,0,0,0,0,0,2026-09-29T14:22:28.203393+00:00,407,2026-09-29 14:22:24.338,9.699999999999989,6543.089267411069,5802.2,0,0.0,Normal operation,0,0.6257,1.0156,0,-0.1375,-0.0,0,0,2026-09-29T14:28:26.613501+00:00,358410.108
9428,L56607,L,298.2,308.8,1540,34.8,32,0,0,0,0,0,0,2026-09-29T14:22:28.233393+00:00,410,2026-09-29 14:22:24.339,10.600000000000023,5612.141116372805,1113.6,0,0.0,Normal operation,0,0.7411,1.1852,0,-0.1212,-0.0,0,0,2026-09-29T14:28:26.613501+00:00,358380.108
7951,L55130,L,300.8,311.6,1568,36.0,23,0,0,0,0,0,0,2026-09-29T14:22:28.243393+00:00,411,2026-09-29 14:22:24.339,10.800000000000011,5911.2207369945545,828.0,0,0.0,Normal operation,0,0.7573,1.3284,0,-0.1077,-0.0,0,0,2026-09-29T14:28:26.613501+00:00,358370.108
3099,M17958,M,299.9,309.2,1389,51.2,185,0,0,0,0,0,0,2026-09-29T14:22:28.273393+00:00,414,2026-09-29 14:22:24.340,9.300000000000011,7447.33388089382,9472.0,0,0.0,Normal operation,0,0.9304,1.2488,0,-0.0884,-0.0,0,0,2026-09-29T14:28:26.613501+00:00,358340.108
8653,H38066,H,297.3,308.3,1461,41.5,108,0,0,0,0,0,0,2026-09-29T14:22:28.293393+00:00,416,2026-09-29 14:22:24.340,11.0,6349.315832537651,4482.0,0,0.0,Normal operation,0,0.7901,1.3452,0,-0.1449,-0.0,0,0,2026-09-29T14:28:26.613501+00:00,358320.108
7227,L54406,L,299.7,309.6,1399,51.3,144,0,0,0,0,0,0,2026-09-29T14:22:28.333393+00:00,420,2026-09-29 14:22:24.341,9.900000000000034,7515.6006892563255,7387.2,0,0.0,Normal operation,0,0.7768,1.2492,0,-0.1302,-0.0,0,0,2026-09-29T14:28:26.613501+00:00,358280.108
8621,L55800,L,297.6,308.5,1475,42.4,24,0,0,0,0,0,0,2026-09-29T14:22:28.373393+00:00,424,2026-09-29 14:22:24.341,10.899999999999977,6549.173485183522,1017.5999999999999,0,0.0,Normal operation,0,0.8686,1.3125,0,-0.1273,-0.0,0,0,2026-09-29T14:28:26.613501+00:00,358240.108
3719,L50898,L,302.4,311.4,1450,44.1,56,0,0,0,0,0,0,2026-09-29T14:22:28.393393+00:00,426,2026-09-29 14:22:24.341,9.0,6696.304741126643,2469.6,0,0.0,Normal operation,0,0.8288,1.2211,0,-0.1163,-0.0,0,0,2026-09-29T14:28:26.613501+00:00,358220.108
4100,L51279,L,302.0,310.4,1464,47.2,159,0,0,0,0,0,0,2026-09-29T14:22:28.433393+00:00,430,2026-09-29 14:22:24.341,8.399999999999977,7236.218854572586,7504.8,0,0.0,Normal operation,0,0.9482,1.6419,0,-0.0875,-0.0,0,0,2026-09-29T14:28:26.613501+00:00,358180.108
4605,L51784,L,302.9,311.0,1820,24.6,128,0,0,0,0,0,0,2026-09-29T14:22:28.443393+00:00,431,2026-09-29 14:22:24.342,8.100000000000023,4688.512876217407,3148.8,0,0.0,Normal operation,0,1.4203,1.9457,0,-0.044,-0.0,0,0,2026-09-29T14:28:26.613501+00:00,358170.108
678,L47857,L,297.9,309.2,1478,39.7,10,0,0,0,0,0,0,2026-09-29T14:22:28.513393+00:00,438,2026-09-29 14:22:24.342,11.300000000000011,6144.599183254229,397.0,0,0.0,Normal operation,0,0.891,1.5352,0,-0.1158,-0.0,0,0,2026-09-29T14:28:26.613501+00:00,358100.10799999995
57,L47236,L,298.8,309.1,1477,42.4,158,0,0,0,0,0,0,2026-09-29T14:22:28.533393+00:00,440,2026-09-29 14:22:24.342,10.300000000000011,6558.053720417668,6699.2,0,0.0,Normal operation,0,0.5047,0.8192,0,-0.1462,-0.0,0,0,2026-09-29T14:28:26.613501+00:00,358080.108
2415,L49594,L,299.1,308.5,1415,43.4,0,0,0,0,0,0,0,2026-09-29T14:22:28.543393+00:00,441,2026-09-29 14:22:24.342,9.399999999999977,6430.944881653426,0.0,0,0.0,Normal operation,0,0.8634,1.6943,0,-0.0768,-0.0,0,0,2026-09-29T14:28:26.613501+00:00,358070.108
1939,L49118,L,298.1,307.9,1517,40.8,50,0,0,0,0,0,0,2026-09-29T14:22:28.573393+00:00,444,2026-09-29 14:22:24.343,9.799999999999955,6481.482635474174,2039.9999999999998,0,0.0,Normal operation,0,0.7399,1.4133,0,-0.1321,-0.0,0,0,2026-09-29T14:28:26.613501+00:00,358040.10799999995
2414,L49593,L,299.0,308.5,1886,23.0,198,0,0,0,0,0,0,2026-09-29T14:22:28.603393+00:00,447,2026-09-29 14:22:24.343,9.5,4542.533537580602,4554.0,0,0.0,Normal operation,0,1.3995,2.0438,0,-0.0209,-0.0,0,0,2026-09-29T14:28:26.613501+00:00,358010.108
5544,L52723,L,302.4,311.8,1255,59.0,138,0,0,0,0,0,0,2026-09-29T14:22:28.613393+00:00,448,2026-09-29 14:22:24.343,9.400000000000034,7753.974267835208,8142.0,0,0.0,Normal operation,0,1.3533,2.0337,0,-0.039,-0.0,0,0,2026-09-29T14:28:26.613501+00:00,358000.108
811,L47990,L,296.9,307.7,1550,39.7,124,0,0,0,0,0,0,2026-09-29T14:22:28.623393+00:00,449,2026-09-29 14:22:24.343,10.800000000000011,6443.930131288264,4922.8,0,0.0,Normal operation,0,0.8887,1.5483,0,-0.1317,-0.0,0,0,2026-09-29T14:28:26.613501+00:00,357990.108
3667,M18526,M,302.3,311.6,1608,39.9,136,0,0,0,0,0,0,2026-09-29T14:22:28.723393+00:00,459,2026-09-29 14:22:24.344,9.300000000000011,6718.735712673275,5426.4,0,0.0,Normal operation,0,0.7243,1.1708,0,-0.1252,-0.0,0,0,2026-09-29T14:28:26.613501+00:00,357890.108
7346,L54525,L,299.6,310.2,1381,60.5,13,0,0,0,0,0,0,2026-09-29T14:22:28.733393+00:00,460,2026-09-29 14:22:24.344,10.599999999999966,8749.387900125133,786.5,0,0.0,Normal operation,0,1.4332,2.4643,0,-0.0128,-0.0,0,0,2026-09-29T14:28:26.613501+00:00,357880.108
8958,L56137,L,297.4,308.1,1348,53.7,68,0,0,0,0,0,0,2026-09-29T14:22:28.813393+00:00,468,2026-09-29 14:22:24.344,10.700000000000045,7580.411745699884,3651.6000000000004,0,0.0,Normal operation,0,1.1566,1.4767,0,-0.0889,-0.0,0,0,2026-09-29T14:28:26.613501+00:00,357800.108
5821,L53000,L,301.3,311.1,1723,27.6,210,0,0,0,0,0,0,2026-09-29T14:22:28.883393+00:00,475,2026-09-29 14:22:24.345,9.800000000000011,4979.927010764397,5796.0,1,0.8,TWF_ToolWear(210min>=200min),0,1.0749,1.6465,0,-0.0584,-0.0,0,1,2026-09-29T14:28:26.613501+00:00,357730.10799999995
8130,L55309,L,300.0,311.3,1520,39.2,43,0,0,0,0,0,0,2026-09-29T14:22:28.933393+00:00,480,2026-09-29 14:22:24.345,11.300000000000011,6239.6218890498085,1685.6000000000001,0,0.0,Normal operation,0,0.7061,1.2947,0,-0.1224,-0.0,0,0,2026-09-29T14:28:26.613501+00:00,357680.108
8318,L55497,L,298.7,309.7,1667,30.4,92,0,0,0,0,0,0,2026-09-29T14:22:28.973393+00:00,484,2026-09-29 14:22:24.347,11.0,5306.862086247974,2796.7999999999997,0,0.0,Normal operation,0,0.7412,0.9909,0,-0.1222,-0.0,0,0,2026-09-29T14:28:26.613501+00:00,357640.108
1242,M16101,M,297.1,308.5,1621,32.4,194,0,0,0,0,0,0,2026-09-29T14:22:29.043393+00:00,491,2026-09-29 14:22:24.349,11.399999999999977,5499.923426786579,6285.599999999999,0,0.0,Normal operation,0,1.0916,1.4458,0,-0.0847,-0.0,0,0,2026-09-29T14:28:26.613501+00:00,357570.108
5700,L52879,L,302.4,311.9,1867,25.9,121,0,0,0,0,0,0,2026-09-29T14:22:29.083393+00:00,495,2026-09-29 14:22:24.349,9.5,5063.755174737684,3133.8999999999996,0,0.0,Normal operation,0,1.2335,1.9313,0,-0.0692,-0.0,0,0,2026-09-29T14:28:26.613501+00:00,357530.108
3755,L50934,L,302.3,311.0,1442,43.7,152,0,0,0,0,0,0,2026-09-29T14:22:29.093393+00:00,496,2026-09-29 14:22:24.349,8.699999999999989,6598.957256767409,6642.400000000001,0,0.0,Normal operation,0,0.827,1.3382,0,-0.1109,-0.0,0,0,2026-09-29T14:28:26.613501+00:00,357520.108
